PONum,Stock_Reference,Supplier,Quantity_Required,Quantity_Received,OpenQty,Date_Created,Reference,Date_Required,Order_Completed,Invoice_Completed,Ledger_Account,Supplier_Account,Cost_Code,Price,Value,Discount_Percentage,Discount_Value
ON 81908,VDL1017-163,SUN445,50.00,40.00,10.00,2017/06/14,VDL1017-163,2017/06/14,No,No,SUN445,SUN445,,204.77,10238.50,0.00,10238.50
ON 83380,27420-1,SUN642,200.00,100.00,100.00,2017/10/26,27420-1,2018/05/29,No,No,SUN642,SUN642,,17.80,3560.00,0.00,3560.00
ON 84871,,S150,1.00,0.00,1.00,2018/03/14,Diesel,2018/03/14,No,No,S150,S150,,0.00,0.00,0.00,0.00
ON 84879,VDL1892-1,W045,9.00,4.00,5.00,2018/03/15,S Power,2018/11/06,No,No,W045,W045,,3795.00,34155.00,0.00,34155.00
ON 85005,PM-H003ML,SUN527,100.00,0.00,100.00,2018/03/25,blanket,2019/02/27,No,No,SUN527,SUN527,,43.95,4395.00,0.00,4395.00
ON 85162,VDL1372-15,W045,24.00,0.00,24.00,2018/04/09,S Power,2018/04/23,No,No,W045,W045,,50.00,1200.00,0.00,1200.00
ON 85162,VDL1372-16,W045,24.00,22.00,2.00,2018/04/09,S Power,2018/04/23,No,No,W045,W045,,75.00,1800.00,0.00,1800.00
ON 85162,VDL1372-2,W045,2.00,0.00,2.00,2018/04/09,S Power,2018/11/16,No,No,W045,W045,,450.00,900.00,0.00,900.00
ON 85162,VDL1590-51/1,W045,4.00,0.00,4.00,2018/04/09,S Power,2018/11/06,No,No,W045,W045,,25.00,100.00,0.00,100.00
ON 85162,VDL1661-10,W045,20.00,4.00,16.00,2018/04/09,S Power,2018/11/06,No,No,W045,W045,,5.00,100.00,0.00,100.00
ON 85162,VDL1786-59,W045,4.00,0.00,4.00,2018/04/09,S Power,2018/11/06,No,No,W045,W045,,395.00,1580.00,0.00,1580.00
ON 85162,VDL1892-42,W045,10.00,2.00,8.00,2018/04/09,S Power,2018/11/06,No,No,W045,W045,,295.00,2950.00,0.00,2950.00
ON 85162,VDL1892-71,W045,10.00,2.00,8.00,2018/04/09,S Power,2018/11/06,No,No,W045,W045,,525.00,5250.00,0.00,5250.00
ON 85200,VDL1892-57,SUN445,12.00,7.00,5.00,2018/04/11,S Power,2018/04/11,No,No,SUN445,SUN445,,220.00,2640.00,0.00,2640.00
ON 85200,VDL1892-58,SUN445,12.00,7.00,5.00,2018/04/11,S Power,2018/04/11,No,No,SUN445,SUN445,,85.00,1020.00,0.00,1020.00
ON 85200,VDL1892-60,SUN445,12.00,7.00,5.00,2018/04/11,S Power,2018/04/11,No,No,SUN445,SUN445,,1740.00,20880.00,0.00,20880.00
ON 85200,VDL1892-67,SUN445,12.00,7.00,5.00,2018/04/11,S Power,2018/04/11,No,No,SUN445,SUN445,,470.00,5640.00,0.00,5640.00
ON 85201,VDL1892-20,W045,7.00,3.00,4.00,2018/04/11,S Power,2018/11/06,No,No,W045,W045,,4695.00,32865.00,0.00,32865.00
ON 85305,VDL1017-104,SUN445,50.00,41.00,9.00,2018/04/19,1017-104,2018/04/19,No,No,SUN445,SUN445,,48.00,2400.00,0.00,2400.00
ON 85396,VDL1414-1,SUN91,30.00,18.00,12.00,2018/04/26,1414-1,2018/11/10,No,No,SUN91,SUN91,,565.47,16964.10,0.00,16964.10
ON 85426,,V080,8.00,6.00,2.00,2018/05/01,VTL-135-F x 8off,2018/11/19,No,No,V080,V080,,14547.82,116382.56,0.00,116382.56
ON 85549,LE-LLPMVA,SUN527,200.00,100.00,100.00,2018/05/14,LE-LLPMVA,2018/05/14,No,No,SUN527,SUN527,,24.70,4940.00,0.00,4940.00
ON 85758,,SUN408,70.00,50.00,20.00,2018/06/04,BT,2018/06/04,No,No,SUN408,SUN408,,4511.00,315770.00,0.00,315770.00
ON 85764,VDL1836-ELECTBOX,B020,20.00,8.00,12.00,2018/06/04,BOXES,2018/06/04,No,No,B020,B020,,318.00,6360.00,0.00,6360.00
ON 85769,,SUN819,4.00,0.00,4.00,2018/06/04,JM0106 0226,2018/06/04,No,No,SUN819,SUN819,,0.00,0.00,0.00,0.00
ON 85769,,SUN819,4.00,0.00,4.00,2018/06/04,JM0106 0226,2018/06/04,No,No,SUN819,SUN819,,672.00,168.00,0.00,168.00
ON 85769,,SUN819,4.00,0.00,4.00,2018/06/04,JM0106 0226,2018/06/04,No,No,SUN819,SUN819,,2400.00,600.00,0.00,600.00
ON 85782,,V080,12.00,0.00,12.00,2018/06/05,LAT-38-135-H,2018/06/05,No,No,V080,V080,,23596.16,283153.92,0.00,283153.92
ON 85802,EO-04-08-201,V080,105.00,90.00,15.00,2018/06/06,Hyd Valve,2018/06/06,No,No,V080,V080,,422.61,44374.05,0.00,44374.05
ON 85804,EO-01-16-06,V080,60.00,40.00,20.00,2018/06/06,TRANSIT,2018/06/06,No,No,V080,V080,,735.65,44139.00,0.00,44139.00
ON 85804,EO-06-10-29-88,V080,60.00,40.00,20.00,2018/06/06,TRANSIT,2018/06/06,No,No,V080,V080,,145.22,8713.20,0.00,8713.20
ON 85804,EO-08-40-32-77,V080,60.00,40.00,20.00,2018/06/06,TRANSIT,2018/06/06,No,No,V080,V080,,831.30,49878.00,0.00,49878.00
ON 85859,B21393,SUN568,26.00,20.00,6.00,2018/06/12,LIGHTS,2018/06/12,No,No,SUN568,SUN568,,195.00,5070.00,0.00,5070.00
ON 85859,B21394,SUN568,26.00,20.00,6.00,2018/06/12,LIGHTS,2018/06/12,No,No,SUN568,SUN568,,195.00,5070.00,0.00,5070.00
ON 85896,,V080,24.00,8.00,16.00,2018/06/13,VTL-145-F,2018/06/13,No,No,V080,V080,,15023.59,360566.16,0.00,360566.16
ON 85897,,V080,8.00,0.00,8.00,2018/06/13,VTL-145-F,2018/06/13,No,No,V080,V080,,17387.17,139097.36,0.00,139097.36
ON 85979,,SUN804,70.00,37.00,33.00,2018/06/20,BT UNDERSEAL,2018/06/20,No,No,SUN804,SUN804,,200.00,14000.00,0.00,14000.00
ON 85980,,SUN409,70.00,9.00,61.00,2018/06/20,BT,2018/06/20,No,No,SUN409,SUN409,,1300.00,91000.00,0.00,91000.00
ON 85982,,SUN820,70.00,19.00,51.00,2018/06/20,BT,2018/06/20,No,No,SUN820,SUN820,,200.00,14000.00,0.00,14000.00
ON 85989,RC4XDV/6,SUN527,192.00,48.00,144.00,2018/06/20,RC4XDV/6,2018/06/20,No,No,SUN527,SUN527,,15.50,2976.00,0.00,2976.00
ON 86018,10029-1,T700,20.00,18.00,2.00,2018/06/22,     1170-598,2018/06/29,No,No,T700,T700,,8.63,172.60,0.00,172.60
ON 86122,VDL1414-2,SUN91,20.00,14.00,6.00,2018/06/29,1414-2,2018/11/11,No,No,SUN91,SUN91,,565.47,11309.40,0.00,11309.40
ON 86278,,V080,12.00,4.00,8.00,2018/07/16,LAT-38-135H,2018/07/16,No,No,V080,V080,,23596.16,283153.92,0.00,283153.92
ON 86281,,V080,11.00,0.00,11.00,2018/07/16,VTX-240-E6,2018/07/16,No,No,V080,V080,,69303.56,762339.16,0.00,762339.16
ON 86333,VDL1017-26,R500,100.00,50.00,50.00,2018/07/19,1017-26,2018/07/19,No,No,R500,R500,,11.70,1170.00,0.00,1170.00
ON 86363,VDL1873-20,W045,5.00,0.00,5.00,2018/07/20,17586-90,2018/07/20,No,No,W045,W045,,2875.00,14375.00,0.00,14375.00
ON 86973,11168-2,C250,21.00,0.00,21.00,2018/09/13,RE-STOCK,2018/11/22,No,No,C250,C250,,828.00,17388.00,0.00,17388.00
ON 86973,25331-1,C250,21.00,0.00,21.00,2018/09/13,RE-STOCK,2018/09/27,No,No,C250,C250,,154.00,3234.00,0.00,3234.00
ON 86977,VDL1414-2,SUN91,100.00,85.00,15.00,2018/09/13,1414-2,2018/10/13,No,No,SUN91,SUN91,,565.47,56547.00,0.00,56547.00
ON 87097,VDL1907-1,SUN505,90.00,80.00,10.00,2018/09/21,1907-1,2018/10/08,No,No,SUN505,SUN505,,65.00,5850.00,0.00,5850.00
ON 87204,10496-1,T700,10.00,0.00,10.00,2018/10/08,RE-STOCK,2018/10/15,No,No,T700,T700,,4.16,41.60,0.00,41.60
ON 87204,27166-1,T700,1.00,0.00,1.00,2018/10/08,RE-STOCK,2018/10/15,No,No,T700,T700,,5.78,5.78,0.00,5.78
ON 87208,,SUN588,2.00,0.00,2.00,2018/10/08,Baloo 13957,2018/10/08,No,No,SUN588,SUN588,,899.33,1798.66,0.00,1798.66
ON 87261,,T700,1.00,0.00,1.00,2018/10/12,1808305,2018/10/12,No,No,T700,T700,,808.23,808.23,0.00,808.23
ON 87329,PM-1288-VS-LS,SUN527,200.00,150.00,50.00,2018/10/17,BLANKET,2018/10/17,No,No,SUN527,SUN527,,95.86,19172.00,0.00,19172.00
ON 87329,PMMB153CMV142AMP,SUN527,200.00,170.00,30.00,2018/10/17,BLANKET,2018/10/17,No,No,SUN527,SUN527,,10.31,2062.00,0.00,2062.00
ON 87334,35100-1,T700,3.00,0.00,3.00,2018/10/17,RE-STOCK,2018/10/31,No,No,T700,T700,,229.74,689.22,0.00,689.22
ON 87334,40068-2,T700,3.00,0.00,3.00,2018/10/17,RE-STOCK,2018/10/24,No,No,T700,T700,,2.29,6.87,0.00,6.87
ON 87398,,W045,8.00,0.00,8.00,2018/10/24,17568-17575,2018/10/24,No,No,W045,W045,,50.00,400.00,0.00,400.00
ON 87518,,SUN409,1.00,0.00,1.00,2018/11/01,17790,2018/11/01,No,No,SUN409,SUN409,,200.48,200.48,0.00,200.48
ON 87548,EO-00-91-21-88,V080,60.00,20.00,40.00,2018/11/05,TRANSIT PUMP,2018/11/05,No,No,V080,V080,,353.91,21234.60,0.00,21234.60
ON 87566,VDL1017-111,SUN445,50.00,40.00,10.00,2018/11/06,SLIDING STEP,2018/11/06,No,No,SUN445,SUN445,,24.05,1202.50,0.00,1202.50
ON 87566,VDL1017-112,SUN445,50.00,40.00,10.00,2018/11/06,SLIDING STEP,2018/11/06,No,No,SUN445,SUN445,,4.50,225.00,0.00,225.00
ON 87566,VDL1017-99/1,SUN445,50.00,40.00,10.00,2018/11/06,SLIDING STEP,2018/11/06,No,No,SUN445,SUN445,,38.00,1900.00,0.00,1900.00
ON 87566,VDL1017-99/5,SUN445,50.00,40.00,10.00,2018/11/06,SLIDING STEP,2018/11/06,No,No,SUN445,SUN445,,11.00,550.00,0.00,550.00
ON 87577,,SUN276,200.00,150.00,50.00,2018/11/06,CAGE BOX,2018/11/06,No,No,SUN276,SUN276,,15.35,3070.00,0.00,3070.00
ON 87580,PM-HVS-4.25M2,SUN527,50.00,0.00,50.00,2018/11/06,BLANKET,2018/11/06,No,No,SUN527,SUN527,,12.78,639.00,0.00,639.00
ON 87611,,SUN554,12.00,5.00,7.00,2018/11/08,S Power,2018/11/08,No,No,SUN554,SUN554,,465.00,5580.00,0.00,5580.00
ON 87619,,SUN839,1.00,0.00,1.00,2018/11/08,EPICOR,2018/11/08,No,No,SUN839,SUN839,,37500.00,37500.00,0.00,37500.00
ON 87628,VDL2000-005,SUN417,46.00,30.00,16.00,2018/11/09,RE-STOCK,2018/11/09,No,No,SUN752,SUN752,,990.25,45551.50,0.00,45551.50
ON 87640,10236-1,T700,1.00,0.00,1.00,2018/11/12,RE-STOCK,2018/11/26,No,No,T700,T700,,13.50,13.50,0.00,13.50
ON 87641,4773-9,T700,2.00,0.00,2.00,2018/11/12,RE-STOCK,2018/12/17,No,No,T700,T700,,423.17,846.34,0.00,846.34
ON 87676,,SUN732,1.00,0.00,1.00,2018/11/14,D Carney,2018/11/14,No,No,SUN732,SUN732,,340.02,340.02,0.00,340.02
ON 87689,HK-1260-57,T700,2.00,0.00,2.00,2018/11/16,RE-STOCK,2018/11/16,No,No,T700,T700,,1440.94,2881.88,0.00,2881.88
ON 87706,4541-1,T700,50.00,12.00,38.00,2018/11/19,RE-STOCK,2018/11/26,No,No,T700,T700,,2.30,115.00,0.00,115.00
ON 87717,,V080,24.00,0.00,24.00,2018/11/20,LAT-38-135H,2018/11/20,No,No,V080,V080,,23596.16,566307.84,0.00,566307.84
ON 87734,100M ROPE,SUN26,1.00,0.00,1.00,2018/11/21,100M ROPE,2018/11/21,No,No,SUN26,SUN26,,182.03,182.03,0.00,182.03
ON 87767,,V080,13.00,0.00,13.00,2018/11/22,ServiceDongles,2018/11/22,No,No,V080,V080,,65.22,847.86,0.00,847.86
ON 87771,VDL1789-38,SUN669,1.00,0.00,1.00,2018/11/22,1789-38,2018/11/22,No,No,SUN669,SUN669,,121.13,121.13,0.00,121.13
ON 87777,,T700,3.00,0.00,3.00,2018/11/23,SST-37EIH,2018/11/23,No,No,T700,T700,,18942.33,56826.99,0.00,56826.99
ON 87780,,S600,1.00,0.00,1.00,2018/11/23,17679,2018/11/23,No,No,S600,S600,,450.00,450.00,0.00,450.00
ON 87788,,SUN366,1.00,0.00,1.00,2018/11/26,Update VOE,2018/11/26,No,No,SUN366,SUN366,,0.00,0.00,0.00,0.00
ON 87807,VDL2000-043,SUN842,3.00,0.00,3.00,2018/11/27,2000-043,2018/11/27,No,No,SUN842,SUN842,,3202.07,9606.21,0.00,9606.21
ON 87811,VDL1515-15,SUN91,100.00,24.00,76.00,2018/11/27,1515-15,2018/12/07,No,No,SUN91,SUN91,,999.00,99900.00,0.00,99900.00
ON 87830,,SUN409,15.00,0.00,15.00,2018/11/28,VTX240,2018/11/28,No,No,SUN409,SUN409,,29470.00,442050.00,0.00,442050.00
ON 87844,,SUN317,1.00,0.00,1.00,2018/11/29,J Fearon,2018/11/29,No,No,SUN317,SUN317,,108.33,108.33,0.00,108.33
ON 87851,VDL1777-4/2,SUN669,1.00,0.00,1.00,2018/11/29,STOCK,2018/11/29,No,No,SUN669,SUN669,,21.74,21.74,0.00,21.74
ON 87851,VDL1789-49,SUN669,2.00,0.00,2.00,2018/11/29,STOCK,2018/11/29,No,No,SUN669,SUN669,,295.02,590.04,0.00,590.04
ON 87876,16926-1,T700,2.00,0.00,2.00,2018/12/03,SERVICE STOCK,2018/12/10,No,No,T700,T700,,485.97,971.94,0.00,971.94
ON 87876,16927-1,T700,2.00,1.00,1.00,2018/12/03,SERVICE STOCK,2018/12/03,No,No,T700,T700,,187.12,374.24,0.00,374.24
ON 87879,M 4831 26-1,V080,5.00,3.00,2.00,2018/12/03,SERVICE,2018/12/03,No,No,V080,V080,,21.37,106.85,0.00,106.85
ON 87879,M 4831 27,V080,3.00,2.00,1.00,2018/12/03,SERVICE,2018/12/03,No,No,V080,V080,,39.74,119.22,0.00,119.22
ON 87879,M 4831 27-1,V080,5.00,3.00,2.00,2018/12/03,SERVICE,2018/12/03,No,No,V080,V080,,9.78,48.90,0.00,48.90
ON 87888,TEXT,SUN341,1.00,0.00,1.00,2018/12/04,GREG.H DMAX JOB,2018/12/04,No,No,SUN341,SUN341,,10.06,10.06,0.00,10.06
ON 87897,,S600,4.00,0.00,4.00,2018/12/04,BOOM REFURBISHMENT,2018/12/04,No,No,S600,S600,,500.00,2000.00,0.00,2000.00
ON 87908,,A003,1.00,0.00,1.00,2018/12/05,S&S AE06 NLG,2018/12/05,No,No,A003,A003,,155.00,155.00,0.00,155.00
ON 87910,,B020,1.00,0.00,1.00,2018/12/05,RE Stock,2018/12/05,No,No,B020,B020,,10.13,10.13,0.00,10.13
ON 87942,,T700,1.00,0.00,1.00,2018/12/07,17998,2018/12/07,No,No,T700,T700,,18942.33,18942.33,0.00,18942.33
ON 87943,,T700,1.00,0.00,1.00,2018/12/07,17985,2018/12/07,No,No,T700,T700,,24907.33,24907.33,0.00,24907.33
ON 87944,,V080,32.00,0.00,32.00,2018/12/07,VTL-145-F,2018/12/07,No,No,V080,V080,,14014.80,448473.60,0.00,448473.60
ON 87945,,V080,32.00,0.00,32.00,2018/12/07,VTL-145-F,2018/12/07,No,No,V080,V080,,14014.80,448473.60,0.00,448473.60
ON 87957,VDL1050-58/1,SUN91,20.00,7.00,13.00,2018/12/10,RE-STOCK,2018/12/10,No,No,SUN91,SUN91,,58.50,1170.00,0.00,1170.00
ON 87957,VDL1050-58/2,SUN91,20.00,7.00,13.00,2018/12/10,RE-STOCK,2018/12/10,No,No,SUN91,SUN91,,58.50,1170.00,0.00,1170.00
ON 87970,VDL1789-49,SUN669,1.00,0.00,1.00,2018/12/10,1789-48,2018/12/10,No,No,SUN669,SUN669,,295.02,295.02,0.00,295.02
ON 87974,13562-1,T700,1.00,0.00,1.00,2018/12/11,RE-STOCK,2018/12/18,No,No,T700,T700,,79.63,79.63,0.00,79.63
ON 87995,VDL2000-042,E010,100.00,0.00,100.00,2018/12/11,RE STOCK,2018/12/11,No,No,E010,E010,,0.70,70.00,0.00,70.00
ON 87996,,SUN452,10.00,0.00,10.00,2018/12/11,Water,2018/12/11,No,No,SUN452,SUN452,,7.20,72.00,0.00,72.00
ON 87997,88001-2,T700,3.00,0.00,3.00,2018/12/11,RE-STOCK,2019/01/01,No,No,T700,T700,,3.71,11.13,0.00,11.13
ON 88010,,SUN454,14.00,0.00,14.00,2018/12/12,IZUZU,2018/12/12,No,No,SUN454,SUN454,,17723.72,248132.08,0.00,248132.08
ON 88012,16409-1,T700,10.00,1.00,9.00,2018/12/12,RE-STOCK,2018/12/19,No,No,T700,T700,,43.73,437.30,0.00,437.30
ON 88020,,SUN304,1.00,0.00,1.00,2018/12/13,ATTENDANCE,2018/12/13,No,No,SUN304,SUN304,,323.86,323.86,0.00,323.86
ON 88021,39490-3,T700,1.00,0.00,1.00,2018/12/13,P Northover,2018/12/13,No,No,T700,T700,,705.24,705.24,0.00,705.24
ON 88052,31-2309-047-GAS,SUN290,200.00,0.00,200.00,2018/12/14,RE STOCK,2018/12/21,No,No,SUN290,SUN290,,5.15,1030.00,0.00,1030.00
ON 88052,50139012,SUN290,30.00,0.00,30.00,2018/12/14,RE STOCK,2018/12/14,No,No,SUN290,SUN290,,14.95,448.50,0.00,448.50
ON 88077,,SUN409,1.00,0.00,1.00,2018/12/18,17747,2018/12/18,No,No,SUN409,SUN409,,29638.00,29638.00,0.00,29638.00
ON 88093,,SUN451,10.00,0.00,10.00,2018/12/19,  10 x Transit,2018/12/19,No,No,SUN451,SUN451,,18640.80,186408.00,0.00,186408.00
ON 88094,,B020,1.00,0.00,1.00,2018/12/19,K/ban N/S Wk51,2018/12/19,No,No,B020,B020,,29.73,29.73,0.00,29.73
ON 88094,,B020,3.00,2.00,1.00,2018/12/19,K/ban N/S Wk51,2018/12/19,No,No,B020,B020,,14.58,43.74,0.00,43.74
ON 88094,,B020,2.00,0.00,2.00,2018/12/19,K/ban N/S Wk51,2018/12/19,No,No,B020,B020,,73.40,146.80,0.00,146.80
ON 88094,,B020,4.50,4.00,0.50,2018/12/19,K/ban N/S Wk51,2018/12/19,No,No,B020,B020,,33.15,149.18,0.00,149.18
ON 88094,,B020,200.00,170.00,30.00,2018/12/19,K/ban N/S Wk51,2018/12/19,No,No,B020,B020,,1.09,218.00,0.00,218.00
ON 88105,,SUN304,1.00,0.00,1.00,2019/01/02,Repair,2019/01/02,No,No,SUN304,SUN304,,675.00,675.00,0.00,675.00
ON 88105,,SUN304,1.00,0.00,1.00,2019/01/02,Repair,2019/02/04,No,No,SUN304,SUN304,,340.00,340.00,0.00,340.00
ON 88105,,SUN304,1.00,0.00,1.00,2019/01/02,Repair,2019/02/04,No,No,SUN304,SUN304,,549.00,549.00,0.00,549.00
ON 88105,,SUN304,1.00,0.00,1.00,2019/01/02,Repair,2019/02/04,No,No,SUN304,SUN304,,1450.00,1450.00,0.00,1450.00
ON 88113,,SUN524,1.00,0.00,1.00,2019/01/03,ADVERTISING,2019/01/03,No,No,SUN524,SUN524,,10740.00,10740.00,0.00,10740.00
ON 88115,10225-1,T700,2.00,0.00,2.00,2019/01/04,P Northover,2019/01/04,No,No,T700,T700,,52.08,104.16,0.00,104.16
ON 88123,,SUN276,1.00,0.00,1.00,2019/01/07,H PATEL,2019/01/07,No,No,SUN276,SUN276,,49.99,49.99,0.00,49.99
ON 88126,,S500,1.00,0.00,1.00,2019/01/07,Greg Holmes FA@W,2019/01/07,No,No,S500,S500,,0.00,0.00,0.00,0.00
ON 88126,,S500,1.00,0.00,1.00,2019/01/07,Greg Holmes FA@W,2019/01/07,No,No,S500,S500,,215.00,215.00,0.00,215.00
ON 88132,,M100,1.00,0.00,1.00,2019/01/08,A Fuggle,2019/01/08,No,No,M100,M100,,13.55,13.55,0.00,13.55
ON 88148,,SUN849,1.00,0.00,1.00,2019/01/09,Barrier,2019/01/09,No,No,SUN849,SUN849,,90.00,90.00,0.00,90.00
ON 88148,,SUN849,1.00,0.00,1.00,2019/01/09,Barrier,2019/01/09,No,No,SUN849,SUN849,,180.00,180.00,0.00,180.00
ON 88148,,SUN849,1.00,0.00,1.00,2019/01/09,Barrier,2019/01/09,No,No,SUN849,SUN849,,191.55,191.55,0.00,191.55
ON 88154,,SUN126,2.00,0.00,2.00,2019/01/09,J.SLIWKA TYRES,2019/01/09,No,No,SUN126,SUN126,,117.80,235.60,0.00,235.60
ON 88159,3070300-06,V080,6.00,2.00,4.00,2019/01/09,RE STOCK,2019/01/09,No,No,V080,V080,,48.68,292.08,0.00,292.08
ON 88159,38916-CPL,V080,1.00,0.00,1.00,2019/01/09,RE STOCK,2019/01/30,No,No,V080,V080,,148.70,148.70,0.00,148.70
ON 88164,50078-4,SUN713,4.00,0.00,4.00,2019/01/09,RE-STOCK,2019/01/09,No,No,SUN713,SUN713,,5.51,22.04,0.00,22.04
ON 88177,ACL004,SUN560,24.00,0.00,24.00,2019/01/10,ACL004,2019/01/10,No,No,SUN560,SUN560,,48.66,1167.84,0.00,1167.84
ON 88179,10460-5,T700,5.00,1.00,4.00,2019/01/10,RE-STOCK,2019/01/10,No,No,T700,T700,,282.50,1412.50,0.00,1412.50
ON 88186,VDL1515-43,SUN445,100.00,0.00,100.00,2019/01/10,CAGE PARTS,2019/01/10,No,No,SUN445,SUN445,,3.05,305.00,0.00,305.00
ON 88186,VDL1515-44,SUN445,100.00,0.00,100.00,2019/01/10,CAGE PARTS,2019/01/10,No,No,SUN445,SUN445,,1.95,195.00,0.00,195.00
ON 88187,10029-1,T700,2.00,0.00,2.00,2019/01/10,RE-STOCK,2019/01/17,No,No,T700,T700,,19.10,38.20,0.00,38.20
ON 88189,,A150,1.00,0.00,1.00,2019/01/10,H PATEL,2019/01/10,No,No,A150,A150,,69.99,69.99,0.00,69.99
ON 88192,,D065,2.00,0.00,2.00,2019/01/10,17913 & 17915,2019/01/10,No,No,D065,D065,,593.48,1186.96,0.00,1186.96
ON 88199,,SUN742,4.00,0.00,4.00,2019/01/11,IVA X4,2019/01/11,No,No,SUN742,SUN742,,135.00,540.00,0.00,540.00
ON 88216,VDL1515-80CDI,SUN847,1.00,0.00,1.00,2019/01/14,RE-STOCK,2019/01/21,No,No,SUN847,SUN847,,766.52,766.52,0.00,766.52
ON 88233,VDL2000-052,B020,10.00,0.00,10.00,2019/01/14,2000-052,2019/01/14,No,No,B020,B020,,297.24,2972.40,0.00,2972.40
ON 88237,,SUN44,1.00,0.00,1.00,2019/01/15,GY66JRU,2019/01/15,No,No,SUN44,SUN44,,0.46,0.46,0.00,0.46
ON 88237,,SUN44,1.00,0.00,1.00,2019/01/15,GY66JRU,2019/01/15,No,No,SUN44,SUN44,,41.99,41.99,0.00,41.99
ON 88237,,SUN44,1.00,0.00,1.00,2019/01/15,GY66JRU,2019/01/15,No,No,SUN44,SUN44,,64.87,64.87,0.00,64.87
ON 88237,,SUN44,1.00,0.00,1.00,2019/01/15,GY66JRU,2019/01/15,No,No,SUN44,SUN44,,82.88,82.88,0.00,82.88
ON 88237,,SUN44,2.00,0.00,2.00,2019/01/15,GY66JRU,2019/01/15,No,No,SUN44,SUN44,,234.48,468.96,0.00,468.96
ON 88237,,SUN44,1.00,0.00,1.00,2019/01/15,GY66JRU,2019/01/22,No,No,SUN44,SUN44,,18.19,18.19,0.00,18.19
ON 88239,V20000,B020,800.00,700.00,100.00,2019/01/15,K/Ban Main WK3,2019/01/15,No,No,B020,B020,,0.41,328.00,0.00,328.00
ON 88239,V20005,B020,200.00,0.00,200.00,2019/01/15,K/Ban Main WK3,2019/01/17,No,No,B020,B020,,1.08,216.00,0.00,216.00
ON 88244,,SUN451,10.00,0.00,10.00,2019/01/15,Transit x 10,2019/01/15,No,No,SUN451,SUN451,,18640.00,186400.00,0.00,186400.00
ON 88259,VDL1170-401P,B020,50.00,0.00,50.00,2019/01/17,RE-STOCK,2019/01/17,No,No,B020,B020,,67.90,3395.00,0.00,3395.00
ON 88259,VDL1170-431P,B020,60.00,20.00,40.00,2019/01/17,RE-STOCK,2019/01/17,No,No,B020,B020,,87.11,5226.60,0.00,5226.60
ON 88262,,B020,10.00,8.00,2.00,2019/01/17,S Kobol,2019/01/17,No,No,B020,B020,,10.95,109.50,0.00,109.50
ON 88272,M 4200 NST 2004,V080,3.00,1.00,2.00,2019/01/17,RE STOCK,2019/01/17,No,No,V080,V080,,134.83,404.49,0.00,404.49
ON 88279,54118-1,S680,8.00,0.00,8.00,2019/01/17,54118-1,2019/02/07,No,No,S680,S680,,48.72,389.76,0.00,389.76
ON 88291,EO-04-08-201,V080,100.00,25.00,75.00,2019/01/21,HYD VALVE,2019/01/21,No,No,V080,V080,,422.61,42261.00,0.00,42261.00
ON 88299,VDL1080-12/1,SUN445,50.00,0.00,50.00,2019/01/21,RE-STOCK,2019/01/21,No,No,SUN445,SUN445,,4.75,237.50,0.00,237.50
ON 88299,VDL1080-12/2,SUN445,50.00,0.00,50.00,2019/01/21,RE-STOCK,2019/01/21,No,No,SUN445,SUN445,,3.05,152.50,0.00,152.50
ON 88307,M 41 ZCY18,B020,5.00,0.00,5.00,2019/01/21,RE STOCK,2019/01/28,No,No,B020,B020,,0.68,3.40,0.00,3.40
ON 88309,VDL1515-80,SUN847,30.00,29.00,1.00,2019/01/21,STOCK,2019/01/21,No,No,SUN847,SUN847,,1020.00,30600.00,0.00,30600.00
ON 88311,10023-1,T700,2.00,0.00,2.00,2019/01/21,RE STOCK,2019/01/28,No,No,T700,T700,,3.89,7.78,0.00,7.78
ON 88311,21519-2,T700,10.00,0.00,10.00,2019/01/21,RE STOCK,2019/01/21,No,No,T700,T700,,43.43,434.30,0.00,434.30
ON 88313,VDL1050-146,SUN434,8.00,6.00,2.00,2019/01/21,RE STOCK,2019/01/21,No,No,SUN434,SUN434,,71.62,572.96,0.00,572.96
ON 88314,X2A/ODD,SUN740,5.00,0.00,5.00,2019/01/21,RE STOCK,2019/01/21,No,No,SUN740,SUN740,,46.73,233.65,0.00,233.65
ON 88314,X2P/ODD,SUN740,5.00,0.00,5.00,2019/01/21,RE STOCK,2019/01/21,No,No,SUN740,SUN740,,59.80,299.00,0.00,299.00
ON 88317,05-10227-31-01,V080,4.00,0.00,4.00,2019/01/22,FAO DAVE N,2019/01/22,No,No,V080,V080,,286.30,1145.20,0.00,1145.20
ON 88328,3070300-06,V080,5.00,4.00,1.00,2019/01/22,RE STOCK,2019/01/22,No,No,V080,V080,,48.68,243.40,0.00,243.40
ON 88331,,B020,4.00,3.00,1.00,2019/01/23,K/Ban Non Stock,2019/01/23,No,No,B020,B020,,48.36,193.44,0.00,193.44
ON 88333,EO-08-40-38,V080,10.00,0.00,10.00,2019/01/23,VTL IVECO STEP,2019/01/23,No,No,V080,V080,,783.31,7833.10,0.00,7833.10
ON 88334,,T700,32.00,0.00,32.00,2019/01/23,ETL36-F-ECO,2019/01/23,No,No,T700,T700,,6706.83,214618.56,0.00,214618.56
ON 88338,EO-01-15-01-77,V080,60.00,20.00,40.00,2019/01/23,IVECO SET,2019/01/23,No,No,V080,V080,,1058.09,63485.40,0.00,63485.40
ON 88338,EO-02-20-502-77,V080,60.00,0.00,60.00,2019/01/23,IVECO SET,2019/01/23,No,No,V080,V080,,1381.57,82894.20,0.00,82894.20
ON 88339,EO-01-16-06,V080,60.00,0.00,60.00,2019/01/23,TRANSIT,2019/01/23,No,No,V080,V080,,904.09,54245.40,0.00,54245.40
ON 88339,EO-02-20-504-77,V080,60.00,0.00,60.00,2019/01/23,TRANSIT,2019/01/23,No,No,V080,V080,,1044.87,62692.20,0.00,62692.20
ON 88339,EO-08-40-32-77,V080,60.00,0.00,60.00,2019/01/23,TRANSIT,2019/01/23,No,No,V080,V080,,799.31,47958.60,0.00,47958.60
ON 88340,VDL1909-13,W045,1.00,0.00,1.00,2019/01/23,NIE,2019/01/23,No,No,W045,W045,,4500.00,4500.00,0.00,4500.00
ON 88340,VDL1909-2,W045,1.00,0.00,1.00,2019/01/23,NIE,2019/01/23,No,No,W045,W045,,3595.00,3595.00,0.00,3595.00
ON 88340,VDL1909-26,W045,1.00,0.00,1.00,2019/01/23,NIE,2019/01/23,No,No,W045,W045,,200.00,200.00,0.00,200.00
ON 88356,,SUN23,1.00,0.00,1.00,2019/01/23,17597,2019/01/23,No,No,SUN23,SUN23,,159.16,159.16,0.00,159.16
ON 88358,,V080,32.00,0.00,32.00,2019/01/24,VTL-135-F,2019/01/24,No,No,V080,V080,,13931.44,445806.08,0.00,445806.08
ON 88363,12422-3,T700,3.00,0.00,3.00,2019/01/24,CAGES,2019/01/24,No,No,T700,T700,,608.67,1826.01,0.00,1826.01
ON 88363,12490-1,T700,2.00,0.00,2.00,2019/01/24,CAGES,2019/01/24,No,No,T700,T700,,948.67,1897.34,0.00,1897.34
ON 88363,L2442,T700,8.00,3.00,5.00,2019/01/24,CAGES,2019/01/24,No,No,T700,T700,,126.00,1008.00,0.00,1008.00
ON 88368,10093-2,T700,8.00,0.00,8.00,2019/01/24,RE-STOCK,2019/03/21,No,No,T700,T700,,373.01,2984.08,0.00,2984.08
ON 88368,16926-1,T700,2.00,0.00,2.00,2019/01/24,RE-STOCK,2019/01/31,No,No,T700,T700,,485.97,971.94,0.00,971.94
ON 88368,16927-1,T700,2.00,0.00,2.00,2019/01/24,RE-STOCK,2019/01/24,No,No,T700,T700,,187.12,374.24,0.00,374.24
ON 88368,16972-1,T700,2.00,0.00,2.00,2019/01/24,RE-STOCK,2019/02/14,No,No,T700,T700,,60.78,121.56,0.00,121.56
ON 88379,12490-1,T700,15.00,0.00,15.00,2019/01/25,12490-1,2019/01/25,No,No,T700,T700,,984.67,14770.05,0.00,14770.05
ON 88381,,SUN821,2.00,0.00,2.00,2019/01/25,SSE Bristol - ALLMI,2019/01/25,No,No,SUN821,SUN821,,0.00,0.00,0.00,0.00
ON 88381,,SUN821,3.00,0.00,3.00,2019/01/25,SSE Bristol - ALLMI,2019/01/25,No,No,SUN821,SUN821,,33.75,101.25,0.00,101.25
ON 88381,,SUN821,2.00,0.00,2.00,2019/01/25,SSE Bristol - ALLMI,2019/01/25,No,No,SUN821,SUN821,,296.00,592.00,0.00,592.00
ON 88388,,SUN44,1.00,0.00,1.00,2019/01/28,VAN5,2019/01/28,No,No,SUN44,SUN44,,233.72,233.72,0.00,233.72
ON 88392,VDL1126-15,SUN445,20.00,5.00,15.00,2019/01/28,1126-15,2019/01/28,No,No,SUN445,SUN445,,57.00,1140.00,0.00,1140.00
ON 88404,VDL1088-59,SUN419,19.00,0.00,19.00,2019/01/28,1088-59,2019/02/27,No,No,SUN419,SUN419,,25.96,493.24,0.00,493.24
ON 88405,,SUN786,1.00,0.00,1.00,2019/01/28,13957,2019/01/28,No,No,SUN786,SUN786,,22.25,22.25,0.00,22.25
ON 88407,,SUN839,5.00,0.00,5.00,2019/01/28,,2019/01/28,No,No,SUN839,SUN839,,800.00,4000.00,0.00,4000.00
ON 88407,,SUN839,25.00,0.00,25.00,2019/01/28,,2019/01/28,No,No,SUN839,SUN839,,750.00,18750.00,0.00,18750.00
ON 88412,,SUN451,10.00,0.00,10.00,2019/01/29,10 X TRANSIT,2019/01/29,No,No,SUN451,SUN451,,18640.00,186400.00,0.00,186400.00
ON 88414,245-332,A350,40.00,24.00,16.00,2019/01/29,RE STOCK,2019/01/29,No,No,A350,A350,,2.80,112.00,0.00,112.00
ON 88420,SJ1S-07L,B020,30.00,25.00,5.00,2019/01/29,Kban Main Stock Wk5,2019/01/29,No,No,B020,B020,,2.79,83.70,0.00,83.70
ON 88420,ZCK E67,B020,1.00,0.00,1.00,2019/01/29,Kban Main Stock Wk5,2019/02/03,No,No,B020,B020,,13.28,13.28,0.00,13.28
ON 88430,VDL1170-409P,B020,30.00,0.00,30.00,2019/01/30,AUX BOX,2019/01/30,No,No,B020,B020,,470.00,14100.00,0.00,14100.00
ON 88430,VDL1857-27,B020,1.00,0.00,1.00,2019/01/30,AUX BOX,2019/01/30,No,No,B020,B020,,410.00,410.00,0.00,410.00
ON 88430,VDL1857-ELECTBOX,B020,12.00,8.00,4.00,2019/01/30,AUX BOX,2019/01/30,No,No,B020,B020,,368.00,4416.00,0.00,4416.00
ON 88430,VDL2000-052,B020,10.00,0.00,10.00,2019/01/30,AUX BOX,2019/01/30,No,No,B020,B020,,297.24,2972.40,0.00,2972.40
ON 88433,,I040,2.00,0.00,2.00,2019/01/30,Replacement Card,2019/01/30,No,No,I040,I040,,0.00,0.00,0.00,0.00
ON 88433,,I040,1.00,0.00,1.00,2019/01/30,Replacement Card,2019/01/30,No,No,I040,I040,,16.00,16.00,0.00,16.00
ON 88436,Y3557,S680,2.00,0.00,2.00,2019/01/30,Y3557,2019/01/30,No,No,S680,S680,,48.72,97.44,0.00,97.44
ON 88440, VDL1886-27,SUN76,1.00,0.00,1.00,2019/01/30,RE STOCK,2019/01/30,No,No,SUN76,SUN76,,137.29,137.29,0.00,137.29
ON 88440,VDL1886-19,SUN76,1.00,0.00,1.00,2019/01/30,RE STOCK,2019/01/30,No,No,SUN76,SUN76,,137.01,137.01,0.00,137.01
ON 88440,VDL1886-25,SUN76,1.00,0.00,1.00,2019/01/30,RE STOCK,2019/01/30,No,No,SUN76,SUN76,,78.87,78.87,0.00,78.87
ON 88440,VDL1886-29,SUN76,1.00,0.00,1.00,2019/01/30,RE STOCK,2019/01/30,No,No,SUN76,SUN76,,74.89,74.89,0.00,74.89
ON 88440,VDL1909-20,SUN76,1.00,0.00,1.00,2019/01/30,RE STOCK,2019/01/30,No,No,SUN76,SUN76,,188.10,188.10,0.00,188.10
ON 88440,VDL1909-21,SUN76,1.00,0.00,1.00,2019/01/30,RE STOCK,2019/01/30,No,No,SUN76,SUN76,,197.02,197.02,0.00,197.02
ON 88440,VDL1909-22,SUN76,1.00,0.00,1.00,2019/01/30,RE STOCK,2019/01/30,No,No,SUN76,SUN76,,212.92,212.92,0.00,212.92
ON 88440,VDL1909-23,SUN76,1.00,0.00,1.00,2019/01/30,RE STOCK,2019/01/30,No,No,SUN76,SUN76,,197.02,197.02,0.00,197.02
ON 88440,VDL1909-24,SUN76,1.00,0.00,1.00,2019/01/30,RE STOCK,2019/01/30,No,No,SUN76,SUN76,,212.91,212.91,0.00,212.91
ON 88440,VDL1909-25,SUN76,1.00,0.00,1.00,2019/01/30,RE STOCK,2019/01/30,No,No,SUN76,SUN76,,186.44,186.44,0.00,186.44
ON 88440,VDL1909-29,SUN76,1.00,0.00,1.00,2019/01/30,RE STOCK,2019/01/30,No,No,SUN76,SUN76,,50.17,50.17,0.00,50.17
ON 88441,VDL1319-50,W045,1.00,0.00,1.00,2019/01/30,P Northover,2019/02/09,No,No,W045,W045,,25.00,25.00,0.00,25.00
ON 88441,VDL1596-1,W045,1.00,0.00,1.00,2019/01/30,P Northover,2019/02/13,No,No,W045,W045,,335.00,335.00,0.00,335.00
ON 88442,VDL1017-23,SUN635,50.00,0.00,50.00,2019/01/31,RE-STOCK,2019/01/31,No,No,SUN635,SUN635,,7.45,372.50,0.00,372.50
ON 88442,VDL1058-120,SUN635,3.00,0.00,3.00,2019/01/31,RE-STOCK,2019/01/31,No,No,SUN635,SUN635,,33.65,100.95,0.00,100.95
ON 88442,VDL1714-37,SUN635,20.00,0.00,20.00,2019/01/31,RE-STOCK,2019/01/31,No,No,SUN635,SUN635,,20.17,403.40,0.00,403.40
ON 88442,VDL1892-50,SUN635,2.00,0.00,2.00,2019/01/31,RE-STOCK,2019/01/31,No,No,SUN635,SUN635,,55.36,110.72,0.00,110.72
ON 88445,,SUN85,1.00,0.00,1.00,2019/01/31,AJ58PXG,2019/01/31,No,No,SUN85,SUN85,,2100.00,2100.00,0.00,2100.00
ON 88448,VDL1372-13,SUN445,20.00,0.00,20.00,2019/01/31,RE-STOCK,2019/01/31,No,No,SUN445,SUN445,,38.50,770.00,0.00,770.00
ON 88448,VDL1372-14,SUN445,20.00,0.00,20.00,2019/01/31,RE-STOCK,2019/01/31,No,No,SUN445,SUN445,,16.63,332.60,0.00,332.60
ON 88448,VDL1372-9,SUN445,2.00,0.00,2.00,2019/01/31,RE-STOCK,2019/01/31,No,No,SUN445,SUN445,,16.25,32.50,0.00,32.50
ON 88454,VDL1857-27,B020,3.00,0.00,3.00,2019/02/01,1857-27,2019/02/01,No,No,B020,B020,,440.00,1320.00,0.00,1320.00
ON 88460,,SUN363,1.00,0.00,1.00,2019/02/01,JOB17862,2019/02/01,No,No,SUN363,SUN363,,185.00,185.00,0.00,185.00
ON 88462,EO-08-40-38,V080,50.00,0.00,50.00,2019/02/01,IVECO STEP,2019/02/01,No,No,V080,V080,,783.31,39165.50,0.00,39165.50
ON 88463,VDL1777-4/2,SUN669,30.00,0.00,30.00,2019/02/01,STEP SETS,2019/02/01,No,No,SUN669,SUN669,,21.74,652.20,0.00,652.20
ON 88463,VDL1789-16,SUN669,30.00,0.00,30.00,2019/02/01,STEP SETS,2019/02/01,No,No,SUN669,SUN669,,23.98,719.40,0.00,719.40
ON 88463,VDL1789-36,SUN669,30.00,0.00,30.00,2019/02/01,STEP SETS,2019/02/01,No,No,SUN669,SUN669,,51.32,1539.60,0.00,1539.60
ON 88463,VDL1789-37,SUN669,30.00,0.00,30.00,2019/02/01,STEP SETS,2019/02/01,No,No,SUN669,SUN669,,51.32,1539.60,0.00,1539.60
ON 88463,VDL1789-38,SUN669,30.00,0.00,30.00,2019/02/01,STEP SETS,2019/02/01,No,No,SUN669,SUN669,,121.13,3633.90,0.00,3633.90
ON 88463,VDL1789-49,SUN669,30.00,0.00,30.00,2019/02/01,STEP SETS,2019/02/01,No,No,SUN669,SUN669,,295.02,8850.60,0.00,8850.60
ON 88466,38659-A1,V080,2.00,1.00,1.00,2019/02/04,RE-STOCK/PAUL,2019/02/25,No,No,V080,V080,,79.79,159.58,0.00,159.58
ON 88468,EO-12-75-14-88,V080,10.00,0.00,10.00,2019/02/04,SECONDARY GUARDING,2019/02/04,No,No,V080,V080,,240.00,2400.00,0.00,2400.00
ON 88472,V10000-3,SUN741,75.00,0.00,75.00,2019/02/04,RE-STOCK,2019/02/04,No,No,SUN741,SUN741,,3.55,266.25,0.00,266.25
ON 88473,,SUN66,1.00,0.00,1.00,2019/02/04,REPAIRS,2019/02/04,No,No,SUN66,SUN66,,133.50,133.50,0.00,133.50
ON 88473,,SUN66,1.00,0.00,1.00,2019/02/04,REPAIRS,2019/02/04,No,No,SUN66,SUN66,,212.26,212.26,0.00,212.26
ON 88473,,SUN66,1.00,0.00,1.00,2019/02/04,REPAIRS,2019/02/04,No,No,SUN66,SUN66,,212.76,212.76,0.00,212.76
ON 88477,,SUN445,3.00,0.00,3.00,2019/02/04,WP 17586-88,2019/02/04,No,No,SUN445,SUN445,,2489.00,7467.00,0.00,7467.00
ON 88489,,SUN844,1.00,0.00,1.00,2019/01/31,,2019/01/31,No,No,SUN844,SUN844,,21.80,21.80,0.00,21.80
ON 88490,VDL1251-26,W045,2.00,0.00,2.00,2019/02/04,NIE,2019/02/04,No,No,W045,W045,,185.00,370.00,0.00,370.00
ON 88490,VDL1815-60,W045,1.00,0.00,1.00,2019/02/04,NIE,2019/02/04,No,No,W045,W045,,235.00,235.00,0.00,235.00
ON 88490,VDL1815-61,W045,1.00,0.00,1.00,2019/02/04,NIE,2019/02/04,No,No,W045,W045,,30.00,30.00,0.00,30.00
ON 88490,VDL1821-32,W045,1.00,0.00,1.00,2019/02/04,NIE,2019/02/04,No,No,W045,W045,,15.00,15.00,0.00,15.00
ON 88490,VDL1821-43,W045,1.00,0.00,1.00,2019/02/04,NIE,2019/02/04,No,No,W045,W045,,100.00,100.00,0.00,100.00
ON 88490,VDL1855-38,W045,1.00,0.00,1.00,2019/02/04,NIE,2019/02/04,No,No,W045,W045,,15.00,15.00,0.00,15.00
ON 88490,VDL1855-39,W045,1.00,0.00,1.00,2019/02/04,NIE,2019/02/04,No,No,W045,W045,,280.00,280.00,0.00,280.00
ON 88490,VDL1886-40,W045,1.00,0.00,1.00,2019/02/04,NIE,2019/02/04,No,No,W045,W045,,230.00,230.00,0.00,230.00
ON 88490,VDL1886-50,W045,1.00,0.00,1.00,2019/02/04,NIE,2019/02/04,No,No,W045,W045,,155.00,155.00,0.00,155.00
ON 88490,VDL1886-52,W045,1.00,0.00,1.00,2019/02/04,NIE,2019/02/04,No,No,W045,W045,,210.00,210.00,0.00,210.00
ON 88490,VDL1909-100,W045,4.00,0.00,4.00,2019/02/04,NIE,2019/02/04,No,No,W045,W045,,150.00,600.00,0.00,600.00
ON 88490,VDL1909-107,W045,4.00,0.00,4.00,2019/02/04,NIE,2019/02/04,No,No,W045,W045,,30.00,120.00,0.00,120.00
ON 88490,VDL1909-28,W045,1.00,0.00,1.00,2019/02/04,NIE,2019/02/04,No,No,W045,W045,,155.00,155.00,0.00,155.00
ON 88500,,SUN713,6.00,1.00,5.00,2019/02/04,N Greenhow,2019/02/04,No,No,SUN713,SUN713,,53.31,319.86,0.00,319.86
ON 88501,VDL1017-334,SUN445,35.00,7.00,28.00,2019/02/04,RE-STOCK,2019/02/04,No,No,SUN445,SUN445,,204.77,7166.95,0.00,7166.95
ON 88501,VDL1080-18,SUN445,4.00,0.00,4.00,2019/02/04,RE-STOCK,2019/02/04,No,No,SUN445,SUN445,,4.06,16.24,0.00,16.24
ON 88501,VDL1821-17,SUN445,1.00,0.00,1.00,2019/02/04,RE-STOCK,2019/02/04,No,No,SUN445,SUN445,,26.00,26.00,0.00,26.00
ON 88504,,M500,1.00,0.00,1.00,2019/02/04,REPAIR,2019/02/04,No,No,M500,M500,,135.00,135.00,0.00,135.00
ON 88508,,I040,4.00,0.00,4.00,2019/02/06,,2019/02/06,No,No,I040,I040,,0.00,0.00,0.00,0.00
ON 88508,,I040,22.00,0.00,22.00,2019/02/06,,2019/02/06,No,No,I040,I040,,26.00,572.00,0.00,572.00
ON 88510,,V080,1.00,0.00,1.00,2019/02/06,Tayside,2019/02/06,No,No,V080,V080,,1883.10,1883.10,0.00,1883.10
ON 88515,VDL1874-100,SUN445,3.00,0.00,3.00,2019/02/06,WESTERN POWER,2019/02/06,No,No,SUN445,SUN445,,3380.00,10140.00,0.00,10140.00
ON 88516,,SUN451,4.00,0.00,4.00,2019/02/06,Highway Hire,2019/02/06,No,No,SUN451,SUN451,,100.00,400.00,0.00,400.00
ON 88517,,I040,3.00,0.00,3.00,2019/02/06,,2019/02/06,No,No,I040,I040,,0.00,0.00,0.00,0.00
ON 88517,,I040,5.00,0.00,5.00,2019/02/06,,2019/02/06,No,No,I040,I040,,26.00,130.00,0.00,130.00
ON 88518,,I040,3.00,0.00,3.00,2019/02/06,,2019/02/06,No,No,I040,I040,,0.00,0.00,0.00,0.00
ON 88518,,I040,3.00,0.00,3.00,2019/02/06,,2019/02/06,No,No,I040,I040,,26.00,78.00,0.00,78.00
ON 88520,,I040,3.00,0.00,3.00,2019/02/06,,2019/02/06,No,No,I040,I040,,0.00,0.00,0.00,0.00
ON 88520,,I040,6.00,0.00,6.00,2019/02/06,,2019/02/06,No,No,I040,I040,,26.00,156.00,0.00,156.00
ON 88521,VDL1515-14,SUN669,60.00,0.00,60.00,2019/02/06,1515-14,2019/02/06,No,No,SUN669,SUN669,,9.53,571.80,0.00,571.80
ON 88522,,I040,3.00,0.00,3.00,2019/02/06,,2019/02/06,No,No,I040,I040,,0.00,0.00,0.00,0.00
ON 88522,,I040,9.00,0.00,9.00,2019/02/06,,2019/02/06,No,No,I040,I040,,26.00,234.00,0.00,234.00
ON 88525,,T700,16.00,0.00,16.00,2019/02/06,ETL36-F-ECO,2019/02/06,No,No,T700,T700,,6706.83,107309.28,0.00,107309.28
ON 88531,,SUN363,1.00,0.00,1.00,2019/02/06,UKPN,2019/02/06,No,No,SUN363,SUN363,,170.00,170.00,0.00,170.00
ON 88536,VDL1594-3,W045,1.00,0.00,1.00,2019/02/06,T Neagle,2019/02/06,No,No,W045,W045,,270.00,270.00,0.00,270.00
ON 88536,VDL1594-5,W045,1.00,0.00,1.00,2019/02/06,T Neagle,2019/02/06,No,No,W045,W045,,15.00,15.00,0.00,15.00
ON 88538,,V080,12.00,0.00,12.00,2019/02/07,LAT-38-135H,2019/02/07,No,No,V080,V080,,23596.16,283153.92,0.00,283153.92
ON 88539,,S200,1.00,0.00,1.00,2019/02/07,SERVICE PARTS,2019/02/07,No,No,S200,S200,,12.20,12.20,0.00,12.20
ON 88540,0206-10-04,V080,50.00,0.00,50.00,2019/02/07,RE-STOCK,2019/02/07,No,No,V080,V080,,4.77,238.50,0.00,238.50
ON 88540,38820-A1,V080,20.00,0.00,20.00,2019/02/07,RE-STOCK,2019/02/07,No,No,V080,V080,,13.06,261.20,0.00,261.20
ON 88540,38821-A1,V080,20.00,0.00,20.00,2019/02/07,RE-STOCK,2019/02/07,No,No,V080,V080,,16.79,335.80,0.00,335.80
ON 88540,EO-02-18-503-88,V080,6.00,0.00,6.00,2019/02/07,RE-STOCK,2019/02/07,No,No,V080,V080,,48.06,288.36,0.00,288.36
ON 88540,EO-12-11-275-88,V080,5.00,0.00,5.00,2019/02/07,RE-STOCK,2019/02/07,No,No,V080,V080,,847.82,4239.10,0.00,4239.10
ON 88540,M 2020-08-1,V080,50.00,0.00,50.00,2019/02/07,RE-STOCK,2019/02/07,No,No,V080,V080,,0.24,12.00,0.00,12.00
ON 88540,M 2810 08-025,V080,50.00,0.00,50.00,2019/02/07,RE-STOCK,2019/02/07,No,No,V080,V080,,0.18,9.00,0.00,9.00
ON 88540,M 2821 08,V080,50.00,0.00,50.00,2019/02/07,RE-STOCK,2019/02/07,No,No,V080,V080,,0.05,2.50,0.00,2.50
ON 88540,M 2831 08,V080,50.00,0.00,50.00,2019/02/07,RE-STOCK,2019/02/07,No,No,V080,V080,,0.02,1.00,0.00,1.00
ON 88541,,SUN451,2.00,0.00,2.00,2019/02/07,Loxam,2019/02/07,No,No,SUN451,SUN451,,100.00,200.00,0.00,200.00
ON 88544,VDL1215-1,C300,25.00,0.00,25.00,2019/02/07,RE-STOCK,2019/02/07,No,No,C300,C300,,19.48,487.00,0.00,487.00
ON 88544,VDL1515-16,C300,200.00,0.00,200.00,2019/02/07,RE-STOCK,2019/02/12,No,No,C300,C300,,0.68,136.00,0.00,136.00
ON 88544,VDL1515-16/1,C300,200.00,0.00,200.00,2019/02/07,RE-STOCK,2019/02/17,No,No,C300,C300,,0.88,176.00,0.00,176.00
ON 88545,VDL1050-247,V060,1.00,0.00,1.00,2019/02/07,NEW MAIN,2019/02/07,No,No,V060,V060,,55.00,55.00,0.00,55.00
ON 88545,VDL1050-248,V060,1.00,0.00,1.00,2019/02/07,NEW MAIN,2019/02/07,No,No,V060,V060,,38.00,38.00,0.00,38.00
ON 88545,VDL1050-249,V060,1.00,0.00,1.00,2019/02/07,NEW MAIN,2019/02/07,No,No,V060,V060,,91.00,91.00,0.00,91.00
ON 88545,VDL1050-250,V060,1.00,0.00,1.00,2019/02/07,NEW MAIN,2019/02/07,No,No,V060,V060,,90.00,90.00,0.00,90.00
ON 88548,16882-1,T700,1.00,0.00,1.00,2019/02/07,P Northover,2019/02/14,No,No,T700,T700,,1007.50,1007.50,0.00,1007.50
ON 88549,10029-1,T700,2.00,0.00,2.00,2019/02/07,RE-STOCK,2019/02/14,No,No,T700,T700,,19.67,39.34,0.00,39.34
ON 88549,27672-1,T700,2.00,0.00,2.00,2019/02/07,RE-STOCK,2019/02/14,No,No,T700,T700,,10.30,20.60,0.00,20.60
ON 88549,29806-1,T700,1.00,0.00,1.00,2019/02/07,RE-STOCK,2019/02/14,No,No,T700,T700,,2.84,2.84,0.00,2.84
ON 88549,35100-1,T700,3.00,2.00,1.00,2019/02/07,RE-STOCK,2019/02/21,No,No,T700,T700,,229.74,689.22,0.00,689.22
ON 88549,35101-1,T700,4.00,1.00,3.00,2019/02/07,RE-STOCK,2019/02/21,No,No,T700,T700,,229.74,918.96,0.00,918.96
ON 88549,3631-1,T700,4.00,3.00,1.00,2019/02/07,RE-STOCK,2019/02/14,No,No,T700,T700,,9.10,36.40,0.00,36.40
ON 88550,12423-10,T700,10.00,0.00,10.00,2019/02/07,12423-10,2019/03/14,No,No,T700,T700,,575.60,5756.00,0.00,5756.00
ON 88551,,SUN445,100.00,0.00,100.00,2019/02/07,Block Assembly,2019/02/07,No,No,SUN445,SUN445,,9.50,950.00,0.00,950.00
ON 88552,Y0885,SUN706,100.00,0.00,100.00,2019/02/07,y0885,2019/02/07,No,No,SUN706,SUN706,,10.66,1066.00,0.00,1066.00
ON 88553,,SUN454,5.00,0.00,5.00,2019/02/07,ISUZU,2019/02/07,No,No,SUN454,SUN454,,17723.52,88617.60,0.00,88617.60
ON 88560,VDL1088-59,SUN419,38.00,0.00,38.00,2019/02/08,1088-59,2019/03/10,No,No,SUN419,SUN419,,25.96,986.48,0.00,986.48
ON 88565,14-10002-00-22,V080,100.00,0.00,100.00,2019/02/08,NEW STOCK,2019/02/08,No,No,V080,V080,,6.67,667.00,0.00,667.00
ON 88565,14-14014-09-01,V080,50.00,0.00,50.00,2019/02/08,NEW STOCK,2019/02/08,No,No,V080,V080,,4.52,226.00,0.00,226.00
ON 88565,14-23702-00-01,V080,50.00,0.00,50.00,2019/02/08,NEW STOCK,2019/02/08,No,No,V080,V080,,2.29,114.50,0.00,114.50
ON 88565,14-30593-00-01,V080,50.00,0.00,50.00,2019/02/08,NEW STOCK,2019/02/08,No,No,V080,V080,,0.55,27.50,0.00,27.50
ON 88565,M9999 620-9,V080,50.00,0.00,50.00,2019/02/08,NEW STOCK,2019/02/08,No,No,V080,V080,,17.57,878.50,0.00,878.50
ON 88565,M9999 620-99,V080,50.00,0.00,50.00,2019/02/08,NEW STOCK,2019/02/08,No,No,V080,V080,,16.94,847.00,0.00,847.00
ON 88567,21923-1,T700,30.00,13.00,17.00,2019/02/08,21923-1,2019/02/18,No,No,T700,T700,,12.55,376.50,0.00,376.50
ON 88568,V10000-3,SUN741,50.00,0.00,50.00,2019/02/08,V10000-3,2019/02/08,No,No,SUN741,SUN741,,3.55,177.50,0.00,177.50
ON 88569,1006338-1,T700,3.00,0.00,3.00,2019/02/08,BREXIT STOCK,2019/02/08,No,No,T700,T700,,1581.17,4743.51,0.00,4743.51
ON 88569,1006360-1,T700,2.00,0.00,2.00,2019/02/08,BREXIT STOCK,2019/02/08,No,No,T700,T700,,1401.58,2803.16,0.00,2803.16
ON 88569,10460-5,T700,10.00,0.00,10.00,2019/02/08,BREXIT STOCK,2019/02/08,No,No,T700,T700,,282.50,2825.00,0.00,2825.00
ON 88569,10496-1,T700,20.00,0.00,20.00,2019/02/08,BREXIT STOCK,2019/02/15,No,No,T700,T700,,4.16,83.20,0.00,83.20
ON 88569,110-1,T700,60.00,0.00,60.00,2019/02/08,BREXIT STOCK,2019/03/15,No,No,T700,T700,,7.62,457.20,0.00,457.20
ON 88569,11615-1,T700,5.00,0.00,5.00,2019/02/08,BREXIT STOCK,2019/02/15,No,No,T700,T700,,257.88,1289.40,0.00,1289.40
ON 88569,11695-1,T700,100.00,0.00,100.00,2019/02/08,BREXIT STOCK,2019/02/15,No,No,T700,T700,,6.54,654.00,0.00,654.00
ON 88569,16926-1,T700,2.00,0.00,2.00,2019/02/08,BREXIT STOCK,2019/02/15,No,No,T700,T700,,485.97,971.94,0.00,971.94
ON 88569,16927-1,T700,2.00,0.00,2.00,2019/02/08,BREXIT STOCK,2019/02/08,No,No,T700,T700,,187.12,374.24,0.00,374.24
ON 88569,16972-1,T700,2.00,0.00,2.00,2019/02/08,BREXIT STOCK,2019/03/01,No,No,T700,T700,,60.78,121.56,0.00,121.56
ON 88569,26464-1,T700,50.00,0.00,50.00,2019/02/08,BREXIT STOCK,2019/03/01,No,No,T700,T700,,99.53,4976.50,0.00,4976.50
ON 88569,40054-10,T700,1250.00,0.00,1250.00,2019/02/08,BREXIT STOCK,2019/02/15,No,No,T700,T700,,0.84,1050.00,0.00,1050.00
ON 88569,44013-1,T700,1250.00,0.00,1250.00,2019/02/08,BREXIT STOCK,2019/02/15,No,No,T700,T700,,0.84,1050.00,0.00,1050.00
ON 88569,4773-9,T700,2.00,0.00,2.00,2019/02/08,BREXIT STOCK,2019/03/15,No,No,T700,T700,,423.17,846.34,0.00,846.34
ON 88569,53080-2,T700,10.00,0.00,10.00,2019/02/08,BREXIT STOCK,2019/02/08,No,No,T700,T700,,1261.19,12611.90,0.00,12611.90
ON 88569,56000-13,T700,3.00,0.00,3.00,2019/02/08,BREXIT STOCK,2019/02/15,No,No,T700,T700,,178.91,536.73,0.00,536.73
ON 88569,58042-2,T700,10.00,0.00,10.00,2019/02/08,BREXIT STOCK,2019/03/15,No,No,T700,T700,,16.86,168.60,0.00,168.60
ON 88569,6526-3,T700,20.00,0.00,20.00,2019/02/08,BREXIT STOCK,2019/02/15,No,No,T700,T700,,6.72,134.40,0.00,134.40
ON 88569,72034-1,T700,25.00,0.00,25.00,2019/02/08,BREXIT STOCK,2019/02/15,No,No,T700,T700,,753.62,18840.50,0.00,18840.50
ON 88570,3070300-06,V080,10.00,0.00,10.00,2019/02/08,BREXIT STOCK,2019/02/08,No,No,V080,V080,,48.68,486.80,0.00,486.80
ON 88570,EO-00-91-21-88,V080,10.00,0.00,10.00,2019/02/08,BREXIT STOCK,2019/02/08,No,No,V080,V080,,389.57,3895.70,0.00,3895.70
ON 88572,VDL1314-27,SUN589,50.00,0.00,50.00,2019/02/08,1314-27,2019/02/08,No,No,SUN589,SUN589,,7.15,357.50,0.00,357.50
ON 88574,VDL1215-1,C300,30.00,0.00,30.00,2019/02/08,1215-1,2019/02/08,No,No,C300,C300,,19.48,584.40,0.00,584.40
ON 88575,VDL1345-20,SUN555,10.00,0.00,10.00,2019/02/08,1345-20,2019/02/08,No,No,SUN555,SUN555,,98.00,980.00,0.00,980.00
ON 88576,,SUN363,2.00,0.00,2.00,2019/02/08,ENW,2019/02/08,No,No,SUN363,SUN363,,185.00,370.00,0.00,370.00
ON 88577,58071-2,SUN237,1000.00,0.00,1000.00,2019/02/11,58071-2,2019/02/18,No,No,SUN237,SUN237,,4.48,4480.00,0.00,4480.00
ON 88583,VDL1620-28,M750,50.00,0.00,50.00,2019/02/11,1620-28,2019/02/11,No,No,M750,M750,,39.00,1950.00,0.00,1950.00
ON 88584,VDL1777-11,SUN555,50.00,0.00,50.00,2019/02/11,RE-STOCK,2019/02/11,No,No,SUN555,SUN555,,25.78,1289.00,0.00,1289.00
ON 88587,VDL2000-051,SUN831,50.00,0.00,50.00,2019/02/11,2000-051,2019/02/11,No,No,SUN831,SUN831,,43.24,2162.00,0.00,2162.00
ON 88589,,SUN133,1.00,0.00,1.00,2019/02/11,17570,2019/02/11,No,No,SUN133,SUN133,,45.00,45.00,0.00,45.00
ON 88591,VDL1048-411,SUN635,1.00,0.00,1.00,2019/02/11,RE-STOCK,2019/02/11,No,No,SUN635,SUN635,,38.93,38.93,0.00,38.93
ON 88592,EO-12-73-180,V080,60.00,0.00,60.00,2019/02/11,EO-12-73-180,2019/02/11,No,No,V080,V080,,0.00,0.00,0.00,0.00
ON 88593,PM1200AAMP,SUN527,50.00,0.00,50.00,2019/02/11, PM1200AAMP,2019/02/11,No,No,SUN527,SUN527,,7.23,361.50,0.00,361.50
ON 88594,VDL1909-112/1,SUN445,10.00,0.00,10.00,2019/02/11,NEW STOCK,2019/02/11,No,No,SUN445,SUN445,,21.50,215.00,0.00,215.00
ON 88594,VDL1909-112/2,SUN445,10.00,0.00,10.00,2019/02/11,NEW STOCK,2019/02/11,No,No,SUN445,SUN445,,21.50,215.00,0.00,215.00
ON 88594,VDL1909-114,SUN445,20.00,0.00,20.00,2019/02/11,NEW STOCK,2019/02/11,No,No,SUN445,SUN445,,41.25,825.00,0.00,825.00
ON 88594,VDL1909-14,SUN445,2.00,0.00,2.00,2019/02/11,NEW STOCK,2019/02/11,No,No,SUN445,SUN445,,10.45,20.90,0.00,20.90
ON 88594,VDL1909-15,SUN445,1.00,0.00,1.00,2019/02/11,NEW STOCK,2019/02/11,No,No,SUN445,SUN445,,14.05,14.05,0.00,14.05
ON 88594,VDL1909-16,SUN445,1.00,0.00,1.00,2019/02/11,NEW STOCK,2019/02/11,No,No,SUN445,SUN445,,18.50,18.50,0.00,18.50
ON 88596,,SUN524,1.00,0.00,1.00,2019/02/11,VERTIKAL DAY,2019/02/11,No,No,SUN524,SUN524,,5790.00,5790.00,0.00,5790.00
ON 88597,,SUN735,1.00,0.00,1.00,2019/02/11,SERVICE,2019/02/11,No,No,SUN735,SUN735,,6570.00,6570.00,0.00,6570.00
ON 88601,10102-1,SUN445,40.00,0.00,40.00,2019/02/11,10102-1,2019/02/11,No,No,SUN445,SUN445,,31.38,1255.20,0.00,1255.20
ON 88602,,SUN363,1.00,0.00,1.00,2019/02/07,SEC WU12 NDF,2019/02/07,No,No,SUN363,SUN363,,225.00,225.00,0.00,225.00
ON 88603,,SUN452,30.00,0.00,30.00,2019/02/12,WATER,2019/02/12,No,No,SUN452,SUN452,,7.20,216.00,0.00,216.00
ON 88605,SI8_4-3MV-SUPS,SUN853,36.00,0.00,36.00,2019/02/12,SCENELIGHT,2019/02/12,No,No,SUN853,SUN853,,41.97,1510.92,0.00,1510.92
ON 88612,VDL1874-100,SUN445,1.00,0.00,1.00,2019/02/12,17581,2019/02/12,No,No,SUN445,SUN445,,3380.00,3380.00,0.00,3380.00
ON 88612,VDL1874-2,SUN445,1.00,0.00,1.00,2019/02/12,17581,2019/02/12,No,No,SUN445,SUN445,,5890.00,5890.00,0.00,5890.00
ON 88613,VDL1048-450,SUN445,32.00,0.00,32.00,2019/02/12,NEW STOCK,2019/02/12,No,No,SUN445,SUN445,,8.50,272.00,0.00,272.00
ON 88613,VDL1874-200,SUN445,8.00,0.00,8.00,2019/02/12,NEW STOCK,2019/02/12,No,No,SUN445,SUN445,,138.00,1104.00,0.00,1104.00
ON 88613,VDL1874-300,SUN445,4.00,0.00,4.00,2019/02/12,NEW STOCK,2019/02/12,No,No,SUN445,SUN445,,79.50,318.00,0.00,318.00
ON 88613,VDL1874-401,SUN445,4.00,0.00,4.00,2019/02/12,NEW STOCK,2019/02/12,No,No,SUN445,SUN445,,67.79,271.16,0.00,271.16
ON 88613,VDL1874-500,SUN445,4.00,0.00,4.00,2019/02/12,NEW STOCK,2019/02/12,No,No,SUN445,SUN445,,23.50,94.00,0.00,94.00
ON 88613,VDL1874-59,SUN445,4.00,0.00,4.00,2019/02/12,NEW STOCK,2019/02/12,No,No,SUN445,SUN445,,28.50,114.00,0.00,114.00
ON 88613,VDL1874-701,SUN445,8.00,0.00,8.00,2019/02/12,NEW STOCK,2019/02/12,No,No,SUN445,SUN445,,8.50,68.00,0.00,68.00
ON 88613,VDL1874-800,SUN445,4.00,0.00,4.00,2019/02/12,NEW STOCK,2019/02/12,No,No,SUN445,SUN445,,83.50,334.00,0.00,334.00
ON 88613,VDL1874-LKG.03.1,SUN445,8.00,0.00,8.00,2019/02/12,NEW STOCK,2019/02/12,No,No,SUN445,SUN445,,4.25,34.00,0.00,34.00
ON 88616,1006959-1,T700,2.00,0.00,2.00,2019/02/12,RE-STOCK,2019/02/12,No,No,T700,T700,,80.14,160.28,0.00,160.28
ON 88616,3171-12,T700,1.00,0.00,1.00,2019/02/12,RE-STOCK,2019/02/12,No,No,T700,T700,,10.56,10.56,0.00,10.56
ON 88616,5487-3,T700,14.00,0.00,14.00,2019/02/12,RE-STOCK,2019/02/12,No,No,T700,T700,,17.74,248.36,0.00,248.36
ON 88616,89021-2,T700,2.00,0.00,2.00,2019/02/12,RE-STOCK,2019/02/19,No,No,T700,T700,,7.68,15.36,0.00,15.36
ON 88617,04392-1,SUN445,40.00,0.00,40.00,2019/02/12,RE-STOCK,2019/02/12,No,No,SUN445,SUN445,,6.60,264.00,0.00,264.00
ON 88617,VDL1048-349,SUN445,20.00,0.00,20.00,2019/02/12,RE-STOCK,2019/02/12,No,No,SUN445,SUN445,,3.25,65.00,0.00,65.00
ON 88617,VDL1048-434,SUN445,6.00,0.00,6.00,2019/02/12,RE-STOCK,2019/02/12,No,No,SUN445,SUN445,,8.50,51.00,0.00,51.00
ON 88617,VDL1080-58,SUN445,8.00,0.00,8.00,2019/02/12,RE-STOCK,2019/02/12,No,No,SUN445,SUN445,,9.75,78.00,0.00,78.00
ON 88617,VDL1806-24,SUN445,10.00,0.00,10.00,2019/02/12,RE-STOCK,2019/02/12,No,No,SUN445,SUN445,,16.00,160.00,0.00,160.00
ON 88617,VDL1857-10.1,SUN445,20.00,0.00,20.00,2019/02/12,RE-STOCK,2019/02/12,No,No,SUN445,SUN445,,30.25,605.00,0.00,605.00
ON 88617,VDL1857-10.2,SUN445,20.00,0.00,20.00,2019/02/12,RE-STOCK,2019/02/12,No,No,SUN445,SUN445,,30.25,605.00,0.00,605.00
ON 88617,VDL1857-26,SUN445,20.00,0.00,20.00,2019/02/12,RE-STOCK,2019/02/12,No,No,SUN445,SUN445,,40.00,800.00,0.00,800.00
ON 88619,,I040,2.00,0.00,2.00,2019/02/13,,2019/02/13,No,No,I040,I040,,0.00,0.00,0.00,0.00
ON 88619,,I040,1.00,0.00,1.00,2019/02/13,,2019/02/13,No,No,I040,I040,,26.00,26.00,0.00,26.00
ON 88620,,I040,3.00,0.00,3.00,2019/02/13,,2019/02/13,No,No,I040,I040,,0.00,0.00,0.00,0.00
ON 88620,,I040,2.00,0.00,2.00,2019/02/13,,2019/02/13,No,No,I040,I040,,26.00,52.00,0.00,52.00
ON 88621,,SUN126,2.00,0.00,2.00,2019/02/13,CHRIS WRENN,2019/02/13,No,No,SUN126,SUN126,,102.95,205.90,0.00,205.90
ON 88623,VDL1372-42,SUN445,36.00,0.00,36.00,2019/02/13,1372-42,2019/02/13,No,No,SUN445,SUN445,,19.50,702.00,0.00,702.00
ON 88624,VDL1874-DS1,SUN76,4.00,0.00,4.00,2019/02/13,WESTERN POWER,2019/02/13,No,No,SUN76,SUN76,,192.95,771.80,0.00,771.80
ON 88624,VDL1874-DS2,SUN76,4.00,0.00,4.00,2019/02/13,WESTERN POWER,2019/02/13,No,No,SUN76,SUN76,,214.63,858.52,0.00,858.52
ON 88624,VDL1874-DS3,SUN76,4.00,0.00,4.00,2019/02/13,WESTERN POWER,2019/02/13,No,No,SUN76,SUN76,,106.10,424.40,0.00,424.40
ON 88624,VDL1874-DS4,SUN76,4.00,0.00,4.00,2019/02/13,WESTERN POWER,2019/02/13,No,No,SUN76,SUN76,,55.82,223.28,0.00,223.28
ON 88624,VDL1874-DS5,SUN76,4.00,0.00,4.00,2019/02/13,WESTERN POWER,2019/02/13,No,No,SUN76,SUN76,,70.03,280.12,0.00,280.12
ON 88624,VDL1874-DS6,SUN76,4.00,0.00,4.00,2019/02/13,WESTERN POWER,2019/02/13,No,No,SUN76,SUN76,,80.10,320.40,0.00,320.40
ON 88624,VDL1874-DS7,SUN76,4.00,0.00,4.00,2019/02/13,WESTERN POWER,2019/02/13,No,No,SUN76,SUN76,,26.48,105.92,0.00,105.92
ON 88624,VDL1874-DS8,SUN76,4.00,0.00,4.00,2019/02/13,WESTERN POWER,2019/02/13,No,No,SUN76,SUN76,,29.65,118.60,0.00,118.60
ON 88624,VDL1874-LKC.00.1,SUN76,8.00,0.00,8.00,2019/02/13,WESTERN POWER,2019/02/13,No,No,SUN76,SUN76,,149.18,1193.44,0.00,1193.44
ON 88624,VDL1874-LKD.00.1,SUN76,4.00,0.00,4.00,2019/02/13,WESTERN POWER,2019/02/13,No,No,SUN76,SUN76,,287.17,1148.68,0.00,1148.68
ON 88624,VDL1874-LKH.00.1,SUN76,4.00,0.00,4.00,2019/02/13,WESTERN POWER,2019/02/13,No,No,SUN76,SUN76,,59.44,237.76,0.00,237.76
ON 88625,VDL1050-12,I010,7.00,0.00,7.00,2019/02/13,RE-STOCK,2019/04/04,No,No,I010,I010,,188.60,1320.20,0.00,1320.20
ON 88625,VDL1050-142,I010,5.00,0.00,5.00,2019/02/13,RE-STOCK,2019/02/20,No,No,I010,I010,,98.01,490.05,0.00,490.05
ON 88625,VDL1050-142/2,I010,10.00,0.00,10.00,2019/02/13,RE-STOCK,2019/02/18,No,No,I010,I010,,8.53,85.30,0.00,85.30
ON 88625,VDL1050-54,I010,4.00,0.00,4.00,2019/02/13,RE-STOCK,2019/04/04,No,No,I010,I010,,25.54,102.16,0.00,102.16
ON 88625,VDL1050-70,I010,5.00,0.00,5.00,2019/02/13,RE-STOCK,2019/04/04,No,No,I010,I010,,23.74,118.70,0.00,118.70
ON 88626,,SUN363,1.00,0.00,1.00,2019/02/13,SANDWELL MBC,2019/02/13,No,No,SUN363,SUN363,,135.00,135.00,0.00,135.00
ON 88627,,SUN363,1.00,0.00,1.00,2019/02/13,SANDWELL MBC,2019/02/13,No,No,SUN363,SUN363,,135.00,135.00,0.00,135.00
ON 88628,10098-1,W045,4.00,0.00,4.00,2019/02/13,WESTERN POWER,2019/03/15,No,No,W045,W045,,100.00,400.00,0.00,400.00
ON 88628,VDL1293-78,W045,4.00,0.00,4.00,2019/02/13,WESTERN POWER,2019/02/13,No,No,W045,W045,,50.00,200.00,0.00,200.00
ON 88628,VDL1815-33,W045,4.00,0.00,4.00,2019/02/13,WESTERN POWER,2019/02/13,No,No,W045,W045,,45.00,180.00,0.00,180.00
ON 88628,VDL1874-50,W045,4.00,0.00,4.00,2019/02/13,WESTERN POWER,2019/02/13,No,No,W045,W045,,0.00,0.00,0.00,0.00
ON 88628,VDL1874-55,W045,4.00,0.00,4.00,2019/02/13,WESTERN POWER,2019/02/13,No,No,W045,W045,,0.00,0.00,0.00,0.00
ON 88628,VDL1874-62,W045,4.00,0.00,4.00,2019/02/13,WESTERN POWER,2019/02/13,No,No,W045,W045,,0.00,0.00,0.00,0.00
ON 88628,VDL1909-100,W045,16.00,0.00,16.00,2019/02/13,WESTERN POWER,2019/02/13,No,No,W045,W045,,150.00,2400.00,0.00,2400.00
ON 88628,VDL1909-107,W045,16.00,0.00,16.00,2019/02/13,WESTERN POWER,2019/02/13,No,No,W045,W045,,30.00,480.00,0.00,480.00
ON 88630,,SUN363,1.00,0.00,1.00,2019/02/13,FILTON ROADSHOW,2019/02/13,No,No,SUN363,SUN363,,170.00,170.00,0.00,170.00
ON 88631,,SUN363,1.00,0.00,1.00,2019/02/13,FILTON ROADSHOW,2019/02/13,No,No,SUN363,SUN363,,170.00,170.00,0.00,170.00
ON 88632,,SUN182,1.00,0.00,1.00,2019/02/13,ADVERTISING,2019/02/13,No,No,SUN182,SUN182,,866.00,866.00,0.00,866.00
ON 88634,10116-1,T700,10.00,0.00,10.00,2019/02/13,SERVICE,2019/02/20,No,No,T700,T700,,17.03,170.30,0.00,170.30
ON 88634,10116-2,T700,10.00,0.00,10.00,2019/02/13,SERVICE,2019/02/20,No,No,T700,T700,,17.03,170.30,0.00,170.30
ON 88634,10122-1,T700,10.00,0.00,10.00,2019/02/13,SERVICE,2019/02/13,No,No,T700,T700,,17.00,170.00,0.00,170.00
ON 88634,10132-1,T700,20.00,0.00,20.00,2019/02/13,SERVICE,2019/02/13,No,No,T700,T700,,21.52,430.40,0.00,430.40
ON 88634,10142-4,T700,10.00,0.00,10.00,2019/02/13,SERVICE,2019/02/13,No,No,T700,T700,,35.68,356.80,0.00,356.80
ON 88634,10185-3,T700,10.00,0.00,10.00,2019/02/13,SERVICE,2019/02/20,No,No,T700,T700,,287.42,2874.20,0.00,2874.20
ON 88634,10186-3,T700,10.00,0.00,10.00,2019/02/13,SERVICE,2019/02/20,No,No,T700,T700,,86.07,860.70,0.00,860.70
ON 88634,10195-1,T700,10.00,0.00,10.00,2019/02/13,SERVICE,2019/03/06,No,No,T700,T700,,5.79,57.90,0.00,57.90
ON 88634,10196-1,T700,10.00,0.00,10.00,2019/02/13,SERVICE,2019/03/06,No,No,T700,T700,,6.31,63.10,0.00,63.10
ON 88634,10217-1,T700,10.00,0.00,10.00,2019/02/13,SERVICE,2019/02/20,No,No,T700,T700,,21.06,210.60,0.00,210.60
ON 88634,10424-10,T700,20.00,0.00,20.00,2019/02/13,SERVICE,2019/02/13,No,No,T700,T700,,14.84,296.80,0.00,296.80
ON 88634,10424-11,T700,20.00,0.00,20.00,2019/02/13,SERVICE,2019/02/13,No,No,T700,T700,,14.84,296.80,0.00,296.80
ON 88634,12076-1,T700,48.00,0.00,48.00,2019/02/13,SERVICE,2019/02/20,No,No,T700,T700,,2.80,134.40,0.00,134.40
ON 88634,15165-1,T700,10.00,0.00,10.00,2019/02/13,SERVICE,2019/02/20,No,No,T700,T700,,2.48,24.80,0.00,24.80
ON 88634,16499-1,T700,10.00,0.00,10.00,2019/02/13,SERVICE,2019/02/13,No,No,T700,T700,,26.51,265.10,0.00,265.10
ON 88634,29403-1,T700,20.00,0.00,20.00,2019/02/13,SERVICE,2019/02/13,No,No,T700,T700,,82.12,1642.40,0.00,1642.40
ON 88634,40004-13,T700,22.00,0.00,22.00,2019/02/13,SERVICE,2019/02/20,No,No,T700,T700,,0.87,19.14,0.00,19.14
ON 88634,40004-23,T700,10.00,0.00,10.00,2019/02/13,SERVICE,2019/02/13,No,No,T700,T700,,0.87,8.70,0.00,8.70
ON 88634,40065-4,T700,190.00,0.00,190.00,2019/02/13,SERVICE,2019/02/13,No,No,T700,T700,,0.87,165.30,0.00,165.30
ON 88634,9618-1,T700,10.00,0.00,10.00,2019/02/13,SERVICE,2019/02/13,No,No,T700,T700,,43.35,433.50,0.00,433.50
ON 88635,EO-12-57-22-88,V080,10.00,0.00,10.00,2019/02/13,NEW STOCK,2019/02/13,No,No,V080,V080,,0.00,0.00,0.00,0.00
ON 88640,V10002-4,SUN741,25.00,0.00,25.00,2019/02/14,RE-STOCK,2019/02/14,No,No,SUN741,SUN741,,7.34,183.50,0.00,183.50
ON 88640,VDL1050-108B,SUN741,5.00,0.00,5.00,2019/02/14,RE-STOCK,2019/02/14,No,No,SUN741,SUN741,,346.30,1731.50,0.00,1731.50
ON 88641,VDL1791-27,SUN544,20.00,0.00,20.00,2019/02/14,RE-STOCK,2019/02/14,No,No,SUN544,SUN544,,22.93,458.60,0.00,458.60
ON 88641,VDL1791-28,SUN544,3.00,0.00,3.00,2019/02/14,RE-STOCK,2019/02/14,No,No,SUN544,SUN544,,33.50,100.50,0.00,100.50
ON 88642,21363,H050,5.00,0.00,5.00,2019/02/14,RE-STOCK,2019/03/28,No,No,H050,H050,,1567.08,7835.40,0.00,7835.40
ON 88643,50101-8,SUN713,5.00,0.00,5.00,2019/02/14,RE-STOCK,2019/02/14,No,No,SUN713,SUN713,,11.21,56.05,0.00,56.05
ON 88643,VDL1913-101,SUN713,10.00,9.00,1.00,2019/02/14,RE-STOCK,2019/02/14,No,No,SUN713,SUN713,,166.65,1666.50,0.00,1666.50
ON 88649,,SUN843,2.00,0.00,2.00,2019/02/14,JOHNSON CONTROL,2019/02/14,No,No,SUN843,SUN843,,207.50,415.00,0.00,415.00
ON 88651,53102-1,T700,15.00,0.00,15.00,2019/02/14,53102-1,2019/02/14,No,No,T700,T700,,625.15,9377.25,0.00,9377.25
ON 88653,10186-3,T700,1.00,0.00,1.00,2019/02/14,RE-STOCK,2019/03/07,No,No,T700,T700,,86.07,86.07,0.00,86.07
ON 88653,10915-1,T700,5.00,0.00,5.00,2019/02/14,RE-STOCK,2019/02/21,No,No,T700,T700,,109.02,545.10,0.00,545.10
ON 88653,11691-1,T700,4.00,0.00,4.00,2019/02/14,RE-STOCK,2019/03/21,No,No,T700,T700,,1264.00,1264.00,0.00,1264.00
ON 88653,12341-1,T700,10.00,0.00,10.00,2019/02/14,RE-STOCK,2019/02/21,No,No,T700,T700,,1.02,10.20,0.00,10.20
ON 88653,12702-1,T700,2.00,0.00,2.00,2019/02/14,RE-STOCK,2019/02/21,No,No,T700,T700,,89.56,179.12,0.00,179.12
ON 88653,13344-1,T700,2.00,0.00,2.00,2019/02/14,RE-STOCK,2019/02/21,No,No,T700,T700,,18.59,37.18,0.00,37.18
ON 88653,21051-1,T700,1.00,0.00,1.00,2019/02/14,RE-STOCK,2019/02/14,No,No,T700,T700,,100.52,100.52,0.00,100.52
ON 88653,25100-1,T700,2.00,0.00,2.00,2019/02/14,RE-STOCK,2019/02/21,No,No,T700,T700,,18.12,36.24,0.00,36.24
ON 88653,27392-1,T700,2.00,0.00,2.00,2019/02/14,RE-STOCK,2019/03/07,No,No,T700,T700,,73.74,147.48,0.00,147.48
ON 88653,32188-2,T700,1.00,0.00,1.00,2019/02/14,RE-STOCK,2019/03/21,No,No,T700,T700,,258.02,258.02,0.00,258.02
ON 88653,3291-5,T700,1.00,0.00,1.00,2019/02/14,RE-STOCK,2019/02/21,No,No,T700,T700,,1.85,1.85,0.00,1.85
ON 88653,434-1,T700,4.00,0.00,4.00,2019/02/14,RE-STOCK,2019/02/21,No,No,T700,T700,,9.33,37.32,0.00,37.32
ON 88653,4541-1,T700,50.00,0.00,50.00,2019/02/14,RE-STOCK,2019/02/21,No,No,T700,T700,,2.37,118.50,0.00,118.50
ON 88653,4542-4,T700,4.00,0.00,4.00,2019/02/14,RE-STOCK,2019/02/21,No,No,T700,T700,,3.93,15.72,0.00,15.72
ON 88653,8993-3,T700,10.00,0.00,10.00,2019/02/14,RE-STOCK,2019/02/21,No,No,T700,T700,,11.69,116.90,0.00,116.90
ON 88654,,SUN85,1.00,0.00,1.00,2019/02/15,Levelling Rod,2019/02/15,No,No,SUN85,SUN85,,40.00,40.00,0.00,40.00
ON 88655,EO-12-24-193-88,V080,3.00,0.00,3.00,2019/02/15,DUAL JOYSTICK,2019/02/15,No,No,V080,V080,,1898.17,5694.51,0.00,5694.51
ON 88656,3230358-5,V080,2.00,0.00,2.00,2019/02/15,RE-STOCK,2019/02/15,No,No,V080,V080,,499.51,999.02,0.00,999.02
ON 88656,39922-A1,V080,1.00,0.00,1.00,2019/02/15,RE-STOCK,2019/03/08,No,No,V080,V080,,119.05,119.05,0.00,119.05
ON 88656,5540025,V080,1.00,0.00,1.00,2019/02/15,RE-STOCK,2019/02/15,No,No,V080,V080,,11.53,11.53,0.00,11.53
ON 88656,M 7112 310,V080,3.00,0.00,3.00,2019/02/15,RE-STOCK,2019/03/17,No,No,V080,V080,,5.40,16.20,0.00,16.20
ON 88657,EO-07-20-210-88,V080,10.00,0.00,10.00,2019/02/15,NEW PARTS,2019/02/15,No,No,V080,V080,,36.52,365.20,0.00,365.20
ON 88657,EO-07-60-832-88,V080,10.00,0.00,10.00,2019/02/15,NEW PARTS,2019/02/15,No,No,V080,V080,,223.39,2233.90,0.00,2233.90
ON 88657,EO-12-57-22-88,V080,10.00,0.00,10.00,2019/02/15,NEW PARTS,2019/02/15,No,No,V080,V080,,25.57,255.70,0.00,255.70
ON 88657,EO-12-75-13,V080,10.00,0.00,10.00,2019/02/15,NEW PARTS,2019/02/15,No,No,V080,V080,,35.30,353.00,0.00,353.00
ON 88657,M12-24-191,V080,10.00,0.00,10.00,2019/02/15,NEW PARTS,2019/02/15,No,No,V080,V080,,10.96,109.60,0.00,109.60
ON 88662,,SUN363,1.00,0.00,1.00,2019/02/15,WESTERN POWER EDP,2019/02/15,No,No,SUN363,SUN363,,250.00,250.00,0.00,250.00
ON 88663,,SUN843,2.00,0.00,2.00,2019/02/18,17759/60,2019/02/18,No,No,SUN843,SUN843,,207.50,415.00,0.00,415.00
ON 88665,00-8238-15-02,V080,1.00,0.00,1.00,2019/02/18,P Northover,2019/02/18,No,No,V080,V080,,117.69,117.69,0.00,117.69
ON 88665,00-8238-15-03,V080,5.00,0.00,5.00,2019/02/18,P Northover,2019/02/18,No,No,V080,V080,,13.40,67.00,0.00,67.00
ON 88665,M 8000 03-45,V080,56.00,0.00,56.00,2019/02/18,P Northover,2019/02/18,No,No,V080,V080,,1.74,97.44,0.00,97.44
ON 88665,M 8000 03-45-1,V080,1.00,0.00,1.00,2019/02/18,P Northover,2019/02/18,No,No,V080,V080,,8.66,8.66,0.00,8.66
ON 88666,,SUN783,1.00,0.00,1.00,2019/02/18,ISUZU NSST,2019/02/18,No,No,SUN783,SUN783,,326.00,326.00,0.00,326.00
ON 88667,,SUN783,1.00,0.00,1.00,2019/02/18,Toyota Hilux,2019/02/18,No,No,SUN783,SUN783,,326.00,326.00,0.00,326.00
ON 88669,     12095-1,T700,10.00,0.00,10.00,2019/02/18,SERVICE T3100,2019/02/18,No,No,T700,T700,,17.60,176.00,0.00,176.00
ON 88669,10023-1,T700,20.00,0.00,20.00,2019/02/18,SERVICE T3100,2019/02/25,No,No,T700,T700,,4.00,80.00,0.00,80.00
ON 88669,10023-2,T700,20.00,0.00,20.00,2019/02/18,SERVICE T3100,2019/02/25,No,No,T700,T700,,2.95,59.00,0.00,59.00
ON 88669,10024-1,T700,20.00,0.00,20.00,2019/02/18,SERVICE T3100,2019/02/25,No,No,T700,T700,,4.59,91.80,0.00,91.80
ON 88669,10152-1,T700,8.00,0.00,8.00,2019/02/18,SERVICE T3100,2019/02/23,No,No,T700,T700,,12.99,103.92,0.00,103.92
ON 88669,10250-1,T700,10.00,0.00,10.00,2019/02/18,SERVICE T3100,2019/02/25,No,No,T700,T700,,3.66,36.60,0.00,36.60
ON 88669,10250-2,T700,5.00,0.00,5.00,2019/02/18,SERVICE T3100,2019/02/25,No,No,T700,T700,,4.76,23.80,0.00,23.80
ON 88669,10250-5,T700,6.00,0.00,6.00,2019/02/18,SERVICE T3100,2019/02/25,No,No,T700,T700,,4.76,28.56,0.00,28.56
ON 88669,10250-8,T700,6.00,0.00,6.00,2019/02/18,SERVICE T3100,2019/02/18,No,No,T700,T700,,5.76,34.56,0.00,34.56
ON 88669,10257-1,T700,10.00,0.00,10.00,2019/02/18,SERVICE T3100,2019/02/25,No,No,T700,T700,,3.07,30.70,0.00,30.70
ON 88669,10272-1,T700,10.00,0.00,10.00,2019/02/18,SERVICE T3100,2019/02/25,No,No,T700,T700,,1.21,12.10,0.00,12.10
ON 88669,10273-1,T700,10.00,0.00,10.00,2019/02/18,SERVICE T3100,2019/02/25,No,No,T700,T700,,1.21,12.10,0.00,12.10
ON 88669,10274-1,T700,10.00,0.00,10.00,2019/02/18,SERVICE T3100,2019/02/25,No,No,T700,T700,,1.21,12.10,0.00,12.10
ON 88669,10309-1,T700,10.00,0.00,10.00,2019/02/18,SERVICE T3100,2019/02/25,No,No,T700,T700,,7.37,73.70,0.00,73.70
ON 88669,10310-1,T700,8.00,0.00,8.00,2019/02/18,SERVICE T3100,2019/02/25,No,No,T700,T700,,1.58,12.64,0.00,12.64
ON 88669,10352-1,T700,10.00,0.00,10.00,2019/02/18,SERVICE T3100,2019/02/18,No,No,T700,T700,,22.07,220.70,0.00,220.70
ON 88669,10999-1,T700,10.00,0.00,10.00,2019/02/18,SERVICE T3100,2019/02/25,No,No,T700,T700,,10.52,105.20,0.00,105.20
ON 88669,11000-1,T700,8.00,0.00,8.00,2019/02/18,SERVICE T3100,2019/02/25,No,No,T700,T700,,10.52,84.16,0.00,84.16
ON 88669,11001-1,T700,8.00,0.00,8.00,2019/02/18,SERVICE T3100,2019/02/25,No,No,T700,T700,,10.52,84.16,0.00,84.16
ON 88669,11002-1,T700,8.00,0.00,8.00,2019/02/18,SERVICE T3100,2019/02/25,No,No,T700,T700,,10.15,81.20,0.00,81.20
ON 88669,32049-6,T700,10.00,0.00,10.00,2019/02/18,SERVICE T3100,2019/02/18,No,No,T700,T700,,71.27,712.70,0.00,712.70
ON 88669,50037-1,T700,30.00,0.00,30.00,2019/02/18,SERVICE T3100,2019/02/23,No,No,T700,T700,,0.87,26.10,0.00,26.10
ON 88669,50065-1,T700,30.00,0.00,30.00,2019/02/18,SERVICE T3100,2019/02/23,No,No,T700,T700,,3.54,106.20,0.00,106.20
ON 88669,50080-1,T700,30.00,0.00,30.00,2019/02/18,SERVICE T3100,2019/02/25,No,No,T700,T700,,1.91,57.30,0.00,57.30
ON 88669,50105-1,T700,90.00,0.00,90.00,2019/02/18,SERVICE T3100,2019/02/25,No,No,T700,T700,,3.22,289.80,0.00,289.80
ON 88669,54020-2,T700,8.00,0.00,8.00,2019/02/18,SERVICE T3100,2019/02/25,No,No,T700,T700,,86.89,695.12,0.00,695.12
ON 88669,58036-1,T700,500.00,0.00,500.00,2019/02/18,SERVICE T3100,2019/02/25,No,No,T700,T700,,0.87,435.00,0.00,435.00
ON 88669,60002-3,T700,20.00,0.00,20.00,2019/02/18,SERVICE T3100,2019/02/25,No,No,T700,T700,,12.32,246.40,0.00,246.40
ON 88669,8365-2,T700,20.00,0.00,20.00,2019/02/18,SERVICE T3100,2019/02/18,No,No,T700,T700,,10.70,214.00,0.00,214.00
ON 88669,8527-1,T700,20.00,0.00,20.00,2019/02/18,SERVICE T3100,2019/02/25,No,No,T700,T700,,6.60,132.00,0.00,132.00
ON 88671,V20000,B020,400.00,100.00,300.00,2019/02/18,restock,2019/02/18,No,No,B020,B020,,0.41,164.00,0.00,164.00
ON 88672,VDL1515-53,SUN91,5.00,0.00,5.00,2019/02/18,RESTOCK,2019/02/28,No,No,SUN91,SUN91,,280.50,1402.50,0.00,1402.50
ON 88674,VDL1515-51,SUN520,200.00,0.00,200.00,2019/02/18,1515-51,2019/02/18,No,No,SUN520,SUN520,,1.98,396.00,0.00,396.00
ON 88675,IPAF3H2L1BVERSA,S250,3.00,0.00,3.00,2019/02/18,RE STOCK,2019/02/18,No,No,S250,S250,,54.58,163.74,0.00,163.74
ON 88676,10185-3,T700,1.00,0.00,1.00,2019/02/18,RE-STOCK,2019/03/11,No,No,T700,T700,,287.49,287.49,0.00,287.49
ON 88676,21051-2,T700,1.00,0.00,1.00,2019/02/18,RE-STOCK,2019/02/25,No,No,T700,T700,,100.52,100.52,0.00,100.52
ON 88676,42027-5,T700,10.00,0.00,10.00,2019/02/18,RE-STOCK,2019/02/18,No,No,T700,T700,,0.87,8.70,0.00,8.70
ON 88678,VDL1789-38,SUN445,1.00,0.00,1.00,2019/02/18,1789-38,2019/02/18,No,No,SUN445,SUN445,,0.00,0.00,0.00,0.00
ON 88680,VDL1909-106,SUN520,20.00,0.00,20.00,2019/02/18,NEW MAIN,2019/02/18,No,No,SUN520,SUN520,,22.21,444.20,0.00,444.20
ON 88685,,SUN276,1.00,0.00,1.00,2019/02/19,M KOZAK,2019/02/19,No,No,SUN276,SUN276,,35.39,35.39,0.00,35.39
ON 88686,,SUN276,4.00,0.00,4.00,2019/02/19,Kban Cons Wk8,2019/02/19,No,No,SUN276,SUN276,,7.90,7.90,0.00,7.90
ON 88686,,SUN276,1.00,0.00,1.00,2019/02/19,Kban Cons Wk8,2019/02/19,No,No,SUN276,SUN276,,24.16,24.16,0.00,24.16
ON 88686,,SUN276,1.00,0.00,1.00,2019/02/19,Kban Cons Wk8,2019/02/19,No,No,SUN276,SUN276,,28.66,28.66,0.00,28.66
ON 88686,,SUN276,3.00,0.00,3.00,2019/02/19,Kban Cons Wk8,2019/02/19,No,No,SUN276,SUN276,,16.56,49.68,0.00,49.68
ON 88686,,SUN276,1.00,0.00,1.00,2019/02/19,Kban Cons Wk8,2019/02/19,No,No,SUN276,SUN276,,71.83,71.83,0.00,71.83
ON 88686,,SUN276,6.00,0.00,6.00,2019/02/19,Kban Cons Wk8,2019/02/19,No,No,SUN276,SUN276,,13.50,81.00,0.00,81.00
ON 88688,,SUN363,1.00,0.00,1.00,2019/02/19,17666 NORTHALLERTON,2019/02/19,No,No,SUN363,SUN363,,205.00,205.00,0.00,205.00
ON 88689,,SUN363,1.00,0.00,1.00,2019/02/19,17666 NORTHALLERTON,2019/02/19,No,No,SUN363,SUN363,,205.00,205.00,0.00,205.00
ON 88690,,SUN363,1.00,0.00,1.00,2019/02/19,17666 STEVENAGE,2019/02/19,No,No,SUN363,SUN363,,115.00,115.00,0.00,115.00
ON 88691,,SUN363,1.00,0.00,1.00,2019/02/19,17666 STEVENAGE,2019/02/19,No,No,SUN363,SUN363,,115.00,115.00,0.00,115.00
ON 88692,05-10231-20-01,V080,1.00,0.00,1.00,2019/02/19,P Northover,2019/02/19,No,No,V080,V080,,66.79,66.79,0.00,66.79
ON 88692,05-10231-30-01,V080,1.00,0.00,1.00,2019/02/19,P Northover,2019/02/19,No,No,V080,V080,,251.08,251.08,0.00,251.08
ON 88696,10114-1,T700,10.00,0.00,10.00,2019/02/19,RE-STOCK,2019/03/12,No,No,T700,T700,,29.45,294.50,0.00,294.50
ON 88696,10186-3,T700,1.00,0.00,1.00,2019/02/19,RE-STOCK,2019/03/12,No,No,T700,T700,,86.07,86.07,0.00,86.07
ON 88696,10217-3,T700,4.00,0.00,4.00,2019/02/19,RE-STOCK,2019/03/12,No,No,T700,T700,,21.06,84.24,0.00,84.24
ON 88696,15165-1,T700,2.00,0.00,2.00,2019/02/19,RE-STOCK,2019/02/26,No,No,T700,T700,,2.48,4.96,0.00,4.96
ON 88696,16409-1,T700,4.00,0.00,4.00,2019/02/19,RE-STOCK,2019/02/26,No,No,T700,T700,,45.04,180.16,0.00,180.16
ON 88696,32188-1,T700,2.00,0.00,2.00,2019/02/19,RE-STOCK,2019/03/26,No,No,T700,T700,,239.21,478.42,0.00,478.42
ON 88696,32188-2,T700,2.00,0.00,2.00,2019/02/19,RE-STOCK,2019/03/26,No,No,T700,T700,,258.02,516.04,0.00,516.04
ON 88696,4542-4,T700,6.00,0.00,6.00,2019/02/19,RE-STOCK,2019/02/26,No,No,T700,T700,,3.93,23.58,0.00,23.58
ON 88696,4542-6,T700,6.00,0.00,6.00,2019/02/19,RE-STOCK,2019/02/19,No,No,T700,T700,,1.70,10.20,0.00,10.20
ON 88696,50307-8,T700,3.00,0.00,3.00,2019/02/19,RE-STOCK,2019/03/26,No,No,T700,T700,,504.15,1512.45,0.00,1512.45
ON 88696,50307-8,T700,3.00,0.00,3.00,2019/02/19,RE-STOCK,2019/03/26,No,No,T700,T700,,525.21,1575.63,0.00,1575.63
ON 88696,54050-1,T700,2.00,0.00,2.00,2019/02/19,RE-STOCK,2019/03/26,No,No,T700,T700,,159.88,79.94,0.00,79.94
ON 88696,70001-2,T700,20.00,0.00,20.00,2019/02/19,RE-STOCK,2019/02/26,No,No,T700,T700,,4.88,24.40,0.00,24.40
ON 88696,7500-1,T700,16.00,0.00,16.00,2019/02/19,RE-STOCK,2019/02/26,No,No,T700,T700,,1.88,7.52,0.00,7.52
ON 88696,7501-1,T700,20.00,0.00,20.00,2019/02/19,RE-STOCK,2019/02/26,No,No,T700,T700,,2.22,11.10,0.00,11.10
ON 88701,,SUN844,1.00,0.00,1.00,2019/02/19,,2019/02/19,No,No,SUN844,SUN844,,119.60,119.60,0.00,119.60
ON 88702,OM5-3-C,F060,30.00,0.00,30.00,2019/02/19,OM5-3-C,2019/02/19,No,No,F060,F060,,13.60,408.00,0.00,408.00
ON 88707,,I040,2.00,0.00,2.00,2019/02/20,,2019/02/20,No,No,I040,I040,,0.00,0.00,0.00,0.00
ON 88707,,I040,1.00,0.00,1.00,2019/02/20,,2019/02/20,No,No,I040,I040,,5.00,5.00,0.00,5.00
ON 88709,,SUN363,1.00,0.00,1.00,2019/02/19,NORTHEN POWER YX68,2019/02/19,No,No,SUN363,SUN363,,200.00,200.00,0.00,200.00
ON 88710,,SUN363,1.00,0.00,1.00,2019/02/19,NORTHERN POWER YX68,2019/02/19,No,No,SUN363,SUN363,,200.00,200.00,0.00,200.00
ON 88711,,S500,1.00,0.00,1.00,2019/02/20,LEE SIMMONDS FA@W,2019/02/20,No,No,S500,S500,,0.00,0.00,0.00,0.00
ON 88711,,S500,1.00,0.00,1.00,2019/02/20,LEE SIMMONDS FA@W,2019/02/20,No,No,S500,S500,,135.00,135.00,0.00,135.00
ON 88712,,S500,1.00,0.00,1.00,2019/02/20,GRAHAM ALLEN FA@W,2019/02/20,No,No,S500,S500,,0.00,0.00,0.00,0.00
ON 88712,,S500,1.00,0.00,1.00,2019/02/20,GRAHAM ALLEN FA@W,2019/02/20,No,No,S500,S500,,215.00,215.00,0.00,215.00
ON 88713,29976-3,T700,1.00,0.00,1.00,2019/02/20,FAO Paul N,2019/02/20,No,No,T700,T700,,409.64,409.64,0.00,409.64
ON 88713,29978-3,T700,1.00,0.00,1.00,2019/02/20,FAO Paul N,2019/02/20,No,No,T700,T700,,426.21,426.21,0.00,426.21
ON 88714,,SUN363,2.00,0.00,2.00,2019/02/20,ELSTREE SHOW,2019/02/20,No,No,SUN363,SUN363,,135.00,270.00,0.00,270.00
ON 88716,,SUN363,2.00,0.00,2.00,2019/02/20,ELSTREE ROADSHOW,2019/02/20,No,No,SUN363,SUN363,,135.00,270.00,0.00,270.00
ON 88717,,SUN363,2.00,0.00,2.00,2019/02/20,ELECT NW,2019/02/20,No,No,SUN363,SUN363,,205.00,410.00,0.00,410.00
ON 88718,,SUN363,1.00,0.00,1.00,2019/02/20,ELEC NW,2019/02/20,No,No,SUN363,SUN363,,205.00,205.00,0.00,205.00
ON 88719,,SUN363,1.00,0.00,1.00,2019/02/19,SEC WU14 CFE,2019/02/19,No,No,SUN363,SUN363,,200.00,200.00,0.00,200.00
ON 88720,,SUN288,1.00,0.00,1.00,2019/02/21,Calibration,2019/02/21,No,No,SUN288,SUN288,,470.25,470.25,0.00,470.25
ON 88722,,SUN363,1.00,0.00,1.00,2019/02/21,DURHAM DEMO,2019/02/21,No,No,SUN363,SUN363,,225.00,225.00,0.00,225.00
ON 88723,,SUN363,1.00,0.00,1.00,2019/02/19,PRYSMIAN YT67 DVV,2019/02/19,No,No,SUN363,SUN363,,170.00,170.00,0.00,170.00
ON 88725,,SUN363,1.00,0.00,1.00,2019/02/19,BARNSLEY NU66 XWD,2019/02/19,No,No,SUN363,SUN363,,175.00,175.00,0.00,175.00
ON 88726,,SUN363,5.00,0.00,5.00,2019/02/21,ELEC NW,2019/02/21,No,No,SUN363,SUN363,,1025.00,205.00,0.00,205.00
ON 88728,10029-1,T700,3.00,0.00,3.00,2019/02/22,Restock,2019/03/01,No,No,T700,T700,,19.67,59.01,0.00,59.01
ON 88729,,SUN363,1.00,0.00,1.00,2019/02/22,17666 SIGNS DESIGN,2019/02/22,No,No,SUN363,SUN363,,155.00,155.00,0.00,155.00
ON 88730,,SUN363,1.00,0.00,1.00,2019/02/22,17666 SIGNS DESIGN,2019/02/22,No,No,SUN363,SUN363,,155.00,155.00,0.00,155.00
ON 88731,UK-VOE36MHI-KIT,T700,2.00,0.00,2.00,2019/02/22,ESB PROJECT,2019/02/22,No,No,T700,T700,,18613.42,37226.84,0.00,37226.84
ON 88731,UK-VST236I-KIT,T700,10.00,0.00,10.00,2019/02/22,ESB PROJECT,2019/02/22,No,No,T700,T700,,9111.11,91111.10,0.00,91111.10
ON 88731,UK-VST3600-KIT,T700,5.00,0.00,5.00,2019/02/22,ESB PROJECT,2019/02/22,No,No,T700,T700,,11787.29,58936.45,0.00,58936.45
ON 88731,UK-VST4000-KIT,T700,3.00,0.00,3.00,2019/02/22,ESB PROJECT,2019/02/22,No,No,T700,T700,,10120.08,30360.24,0.00,30360.24
ON 88733,VDL1017-161,SUN445,50.00,0.00,50.00,2019/02/25,VTL Cage Step,2019/02/25,No,No,SUN445,SUN445,,186.00,9300.00,0.00,9300.00
ON 88733,VDL1017-178,SUN445,100.00,0.00,100.00,2019/02/25,VTL Cage Step,2019/02/25,No,No,SUN445,SUN445,,48.50,4850.00,0.00,4850.00
ON 88733,VDL1017-181,SUN445,50.00,0.00,50.00,2019/02/25,VTL Cage Step,2019/02/25,No,No,SUN445,SUN445,,68.00,3400.00,0.00,3400.00
ON 88735,,I040,2.00,0.00,2.00,2019/02/25,HAULOTTE,2019/02/25,No,No,I040,I040,,0.00,0.00,0.00,0.00
ON 88735,,I040,2.00,0.00,2.00,2019/02/25,HAULOTTE,2019/02/25,No,No,I040,I040,,26.00,52.00,0.00,52.00
ON 88736,10024-2,T700,10.00,0.00,10.00,2019/02/25,RE-STOCK,2019/03/04,No,No,T700,T700,,1.93,19.30,0.00,19.30
ON 88736,10075-3,T700,5.00,0.00,5.00,2019/02/25,RE-STOCK,2019/03/04,No,No,T700,T700,,7.90,39.50,0.00,39.50
ON 88736,10186-3,T700,1.00,0.00,1.00,2019/02/25,RE-STOCK,2019/03/18,No,No,T700,T700,,86.07,86.07,0.00,86.07
ON 88736,10217-3,T700,3.00,0.00,3.00,2019/02/25,RE-STOCK,2019/03/18,No,No,T700,T700,,21.06,63.18,0.00,63.18
ON 88736,10217-3,T700,4.00,0.00,4.00,2019/02/25,RE-STOCK,2019/03/18,No,No,T700,T700,,21.06,84.24,0.00,84.24
ON 88736,10915-1,T700,1.00,0.00,1.00,2019/02/25,RE-STOCK,2019/03/04,No,No,T700,T700,,109.02,109.02,0.00,109.02
ON 88736,12029-1,T700,1.00,0.00,1.00,2019/02/25,RE-STOCK,2019/03/18,No,No,T700,T700,,668.31,668.31,0.00,668.31
ON 88736,13342-1,T700,10.00,0.00,10.00,2019/02/25,RE-STOCK,2019/03/04,No,No,T700,T700,,9.09,90.90,0.00,90.90
ON 88736,14263-1,T700,1.00,0.00,1.00,2019/02/25,RE-STOCK,2019/03/11,No,No,T700,T700,,15.40,15.40,0.00,15.40
ON 88736,16409-1,T700,12.00,0.00,12.00,2019/02/25,RE-STOCK,2019/03/04,No,No,T700,T700,,45.04,540.48,0.00,540.48
ON 88736,32188-1,T700,3.00,0.00,3.00,2019/02/25,RE-STOCK,2019/04/01,No,No,T700,T700,,239.21,717.63,0.00,717.63
ON 88736,32188-2,T700,3.00,0.00,3.00,2019/02/25,RE-STOCK,2019/04/01,No,No,T700,T700,,258.02,774.06,0.00,774.06
ON 88736,3294-16,T700,10.00,0.00,10.00,2019/02/25,RE-STOCK,2019/03/04,No,No,T700,T700,,44.49,444.90,0.00,444.90
ON 88736,34397-2,T700,2.00,0.00,2.00,2019/02/25,RE-STOCK,2019/02/25,No,No,T700,T700,,421.44,842.88,0.00,842.88
ON 88736,40121-1,T700,50.00,0.00,50.00,2019/02/25,RE-STOCK,2019/03/04,No,No,T700,T700,,0.87,43.50,0.00,43.50
ON 88736,40124-1,T700,50.00,0.00,50.00,2019/02/25,RE-STOCK,2019/03/04,No,No,T700,T700,,1.25,62.50,0.00,62.50
ON 88736,48004-1,T700,50.00,0.00,50.00,2019/02/25,RE-STOCK,2019/03/07,No,No,T700,T700,,0.87,43.50,0.00,43.50
ON 88736,50144-2,T700,60.00,0.00,60.00,2019/02/25,RE-STOCK,2019/03/04,No,No,T700,T700,,2.63,157.80,0.00,157.80
ON 88736,50307-7,T700,4.00,0.00,4.00,2019/02/25,RE-STOCK,2019/04/01,No,No,T700,T700,,515.65,2062.60,0.00,2062.60
ON 88736,54116-1,T700,1.00,0.00,1.00,2019/02/25,RE-STOCK,2019/03/04,No,No,T700,T700,,214.76,214.76,0.00,214.76
ON 88736,60002-6,T700,7.00,0.00,7.00,2019/02/25,RE-STOCK,2019/03/04,No,No,T700,T700,,12.57,87.99,0.00,87.99
ON 88736,6526-3,T700,10.00,0.00,10.00,2019/02/25,RE-STOCK,2019/03/04,No,No,T700,T700,,6.92,69.20,0.00,69.20
ON 88736,70001-2,T700,20.00,0.00,20.00,2019/02/25,RE-STOCK,2019/03/04,No,No,T700,T700,,2.44,48.80,0.00,48.80
ON 88736,7500-1,T700,5.00,0.00,5.00,2019/02/25,RE-STOCK,2019/03/04,No,No,T700,T700,,0.94,4.70,0.00,4.70
ON 88736,7501-1,T700,10.00,0.00,10.00,2019/02/25,RE-STOCK,2019/03/04,No,No,T700,T700,,1.11,11.10,0.00,11.10
ON 88737,02-10061-00-01,V080,4.00,0.00,4.00,2019/02/25,RE-STOCK,2019/02/25,No,No,V080,V080,,101.18,404.72,0.00,404.72
ON 88737,14-0645-00-03,V080,10.00,0.00,10.00,2019/02/25,RE-STOCK,2019/02/25,No,No,V080,V080,,9.75,97.50,0.00,97.50
ON 88737,3230353-5,V080,2.00,0.00,2.00,2019/02/25,RE-STOCK,2019/02/25,No,No,V080,V080,,589.64,1179.28,0.00,1179.28
ON 88737,38721-A1,V080,3.00,0.00,3.00,2019/02/25,RE-STOCK,2019/03/04,No,No,V080,V080,,150.40,451.20,0.00,451.20
ON 88737,38722-A1,V080,3.00,0.00,3.00,2019/02/25,RE-STOCK,2019/03/04,No,No,V080,V080,,131.82,395.46,0.00,395.46
ON 88737,58106-1,V080,2.00,0.00,2.00,2019/02/25,RE-STOCK,2019/02/25,No,No,V080,V080,,105.04,210.08,0.00,210.08
ON 88738,VDL1907-100,SUN713,20.00,0.00,20.00,2019/02/25,RE-STOCK,2019/02/25,No,No,SUN713,SUN713,,156.40,3128.00,0.00,3128.00
ON 88738,VDL1913-101,SUN713,20.00,0.00,20.00,2019/02/25,RE-STOCK,2019/02/25,No,No,SUN713,SUN713,,166.65,3333.00,0.00,3333.00
ON 88741,54118-4,S680,10.00,0.00,10.00,2019/02/25,RE-STOCK,2019/03/11,No,No,S680,S680,,58.40,584.00,0.00,584.00
ON 88743,,SUN505,1.00,0.00,1.00,2019/02/25,STOCKTON,2019/02/25,No,No,SUN505,SUN505,,50.00,50.00,0.00,50.00
ON 88743,VDL1360-16,SUN505,1.00,0.00,1.00,2019/02/25,STOCKTON,2019/02/25,No,No,SUN505,SUN505,,195.00,195.00,0.00,195.00
ON 88743,VDL1360-44/31,SUN505,1.00,0.00,1.00,2019/02/25,STOCKTON,2019/02/25,No,No,SUN505,SUN505,,394.00,394.00,0.00,394.00
ON 88744,21741-2,T700,2.00,0.00,2.00,2019/02/25,RE-STOCK,2019/02/25,No,No,T700,T700,,86.35,172.70,0.00,172.70
ON 88744,25246-1,T700,2.00,0.00,2.00,2019/02/25,RE-STOCK,2019/03/04,No,No,T700,T700,,4.26,8.52,0.00,8.52
ON 88744,25250-1,T700,2.00,0.00,2.00,2019/02/25,RE-STOCK,2019/03/04,No,No,T700,T700,,2.02,4.04,0.00,4.04
ON 88744,88001-2,T700,3.00,0.00,3.00,2019/02/25,RE-STOCK,2019/03/18,No,No,T700,T700,,3.83,11.49,0.00,11.49
ON 88745,10024-3,T700,30.00,0.00,30.00,2019/02/25,10024-3,2019/03/04,No,No,T700,T700,,4.60,138.00,0.00,138.00
ON 88746,,SUN795,2.00,0.00,2.00,2019/02/25,BT/ENW,2019/02/25,No,No,SUN795,SUN795,,260.00,130.00,0.00,130.00
ON 88747,,SUN854,11.00,0.00,11.00,2019/02/25,Electricity Northwes,2019/02/25,No,No,SUN854,SUN854,,6.50,71.50,0.00,71.50
ON 88749,PS-B-17,SUN713,200.00,175.00,25.00,2019/02/25,PS-B-17,2019/02/25,No,No,SUN713,SUN713,,4.23,846.00,0.00,846.00
ON 88750,3794,B020,20.00,4.00,16.00,2019/02/25,,2019/02/25,No,No,B020,B020,,16.10,322.00,0.00,322.00
ON 88750,9300,B020,20.00,5.00,15.00,2019/02/25,,2019/02/25,No,No,B020,B020,,26.88,537.60,0.00,537.60
ON 88750,E2AM18KN16M1B2,B020,1.00,0.00,1.00,2019/02/25,,2019/02/25,No,No,B020,B020,,29.77,29.77,0.00,29.77
ON 88751,VDL1088-59,SUN419,19.00,0.00,19.00,2019/02/25,re stock,2019/03/27,No,No,SUN419,SUN419,,25.96,493.24,0.00,493.24
ON 88751,VDL1088-65,SUN419,19.00,0.00,19.00,2019/02/25,re stock,2019/02/25,No,No,SUN419,SUN419,,56.32,1070.08,0.00,1070.08
ON 88754,VDL1050-257,M010,3.00,0.00,3.00,2019/02/25,FAO Service,2019/02/25,No,No,M010,M010,,854.00,2562.00,0.00,2562.00
ON 88755,M 8000 820-UK,SUN847,10.00,0.00,10.00,2019/02/26,RE-STOCK,2019/02/26,No,No,SUN847,SUN847,,511.44,5114.40,0.00,5114.40
ON 88755,VDL1515-80,SUN847,100.00,0.00,100.00,2019/02/26,RE-STOCK,2019/02/26,No,No,SUN847,SUN847,,1020.00,102000.00,0.00,102000.00
ON 88756,,SUN855,1.00,0.00,1.00,2019/02/26,CYLINDER,2019/02/26,No,No,SUN855,SUN855,,1950.00,1950.00,0.00,1950.00
ON 88757,,SUN584,2.00,0.00,2.00,2019/02/26,HILUX,2019/02/26,No,No,SUN584,SUN584,,16961.88,33923.76,0.00,33923.76
ON 88758,50009-4,SUN713,40.00,20.00,20.00,2019/02/26,RE-STOCK,2019/02/26,No,No,SUN713,SUN713,,1.66,66.40,0.00,66.40
ON 88759,,B020,2.00,0.00,2.00,2019/02/26,K/Ban N/S,2019/02/26,No,No,B020,B020,,7.87,15.74,0.00,15.74
ON 88759,,B020,100.00,0.00,100.00,2019/02/26,K/Ban N/S,2019/02/26,No,No,B020,B020,,0.23,23.00,0.00,23.00
ON 88759,,B020,50.00,32.00,18.00,2019/02/26,K/Ban N/S,2019/02/26,No,No,B020,B020,,0.70,35.00,0.00,35.00
ON 88759,,B020,4.00,3.00,1.00,2019/02/26,K/Ban N/S,2019/02/26,No,No,B020,B020,,14.58,58.32,0.00,58.32
ON 88759,,B020,2.00,1.00,1.00,2019/02/26,K/Ban N/S,2019/02/26,No,No,B020,B020,,29.73,59.46,0.00,59.46
ON 88759,,B020,4.00,1.00,3.00,2019/02/26,K/Ban N/S,2019/02/26,No,No,B020,B020,,16.09,64.36,0.00,64.36
ON 88760,KAX-Z1C12,B020,40.00,0.00,40.00,2019/02/26,Kanban S,2019/03/05,No,No,B020,B020,,2.39,95.60,0.00,95.60
ON 88760,KZ-127,B020,30.00,24.00,6.00,2019/02/26,Kanban S,2019/02/28,No,No,B020,B020,,3.51,105.30,0.00,105.30
ON 88760,ZCK DO5,B020,30.00,0.00,30.00,2019/02/26,Kanban S,2019/02/27,No,No,B020,B020,,9.30,279.00,0.00,279.00
ON 88760,ZCK Y33,B020,50.00,29.00,21.00,2019/02/26,Kanban S,2019/02/27,No,No,B020,B020,,4.26,213.00,0.00,213.00
ON 88761,VDL1048-458,SUN445,3.00,0.00,3.00,2019/02/26,SERVICE,2019/02/26,No,No,SUN445,SUN445,,9.55,28.65,0.00,28.65
ON 88761,VDL1048-459,SUN445,3.00,0.00,3.00,2019/02/26,SERVICE,2019/02/26,No,No,SUN445,SUN445,,23.50,70.50,0.00,70.50
ON 88762,,I040,4.00,0.00,4.00,2019/02/26,,2019/02/26,No,No,I040,I040,,0.00,0.00,0.00,0.00
ON 88762,,I040,2.00,0.00,2.00,2019/02/26,,2019/02/26,No,No,I040,I040,,60.00,30.00,0.00,30.00
ON 88762,,I040,3.00,0.00,3.00,2019/02/26,,2019/02/26,No,No,I040,I040,,30.00,90.00,0.00,90.00
ON 88762,,I040,6.00,0.00,6.00,2019/02/26,,2019/02/26,No,No,I040,I040,,26.00,156.00,0.00,156.00
ON 88763,VDL1874-600,SUN445,4.00,0.00,4.00,2019/02/26,1874-600,2019/02/26,No,No,SUN445,SUN445,,0.00,0.00,0.00,0.00
ON 88768,,SUN363,1.00,0.00,1.00,2019/02/26,RINGWAY 17362,2019/02/26,No,No,SUN363,SUN363,,135.00,135.00,0.00,135.00
ON 88769,M 8000 072,V080,10.00,0.00,10.00,2019/02/26,CAGE HINGE,2019/03/05,No,No,V080,V080,,30.48,304.80,0.00,304.80
ON 88771,,SUN505,2.00,0.00,2.00,2019/02/26,VARIOUS,2019/02/26,No,No,SUN505,SUN505,,50.00,100.00,0.00,100.00
ON 88771,VDL1360-44/41,SUN505,2.00,0.00,2.00,2019/02/26,VARIOUS,2019/02/26,No,No,SUN505,SUN505,,234.00,468.00,0.00,468.00
ON 88772,,SUN505,5.00,0.00,5.00,2019/02/26,VARIOUS,2019/02/26,No,No,SUN505,SUN505,,50.00,250.00,0.00,250.00
ON 88772,VDL1360-44/30,SUN505,5.00,0.00,5.00,2019/02/26,VARIOUS,2019/02/26,No,No,SUN505,SUN505,,120.00,600.00,0.00,600.00
ON 88773,,SUN23,1.00,0.00,1.00,2019/02/26,17576,2019/02/26,No,No,SUN23,SUN23,,127.93,127.93,0.00,127.93
ON 88773,,SUN23,1.00,0.00,1.00,2019/02/26,17576,2019/02/26,No,No,SUN23,SUN23,,230.00,230.00,0.00,230.00
ON 88774,PM-1288-VS-LS,SUN527,200.00,0.00,200.00,2019/02/26,BLANKET,2019/02/26,No,No,SUN527,SUN527,,95.86,19172.00,0.00,19172.00
ON 88774,PM1200AAMP,SUN527,200.00,0.00,200.00,2019/02/26,BLANKET,2019/02/26,No,No,SUN527,SUN527,,7.23,1446.00,0.00,1446.00
ON 88774,PMMB153CMV142AMP,SUN527,200.00,0.00,200.00,2019/02/26,BLANKET,2019/02/26,No,No,SUN527,SUN527,,10.31,2062.00,0.00,2062.00
ON 88775,5/1448,S250,2.00,0.00,2.00,2019/02/27,STOCK,2019/02/27,No,No,S250,S250,,4.92,9.84,0.00,9.84
ON 88775,RARL1129,S250,3.00,0.00,3.00,2019/02/27,STOCK,2019/02/27,No,No,S250,S250,,23.73,71.19,0.00,71.19
ON 88776,8438J,SUN317,10.00,0.00,10.00,2019/02/27,8438J,2019/02/27,No,No,SUN317,SUN317,,1.12,11.20,0.00,11.20
ON 88777,ELUSB11M,SUN417,2.00,0.00,2.00,2019/02/27,RE-STOCK,2019/02/27,No,No,SUN417,SUN417,,15.77,31.54,0.00,31.54
ON 88777,GYR114R,SUN417,5.00,0.00,5.00,2019/02/27,RE-STOCK,2019/02/27,No,No,SUN417,SUN417,,111.34,556.70,0.00,556.70
ON 88777,ILV250MD,SUN417,12.00,0.00,12.00,2019/02/27,RE-STOCK,2019/02/27,No,No,SUN417,SUN417,,0.00,0.00,0.00,0.00
ON 88777,ILV650M4M,SUN417,4.00,0.00,4.00,2019/02/27,RE-STOCK,2019/02/27,No,No,SUN417,SUN417,,24.37,97.48,0.00,97.48
ON 88777,ILV650MD,SUN417,24.00,0.00,24.00,2019/02/27,RE-STOCK,2019/02/27,No,No,SUN417,SUN417,,0.00,0.00,0.00,0.00
ON 88777,VPR001,SUN417,1.00,0.00,1.00,2019/02/27,RE-STOCK,2019/02/27,No,No,SUN417,SUN417,,31.38,31.38,0.00,31.38
ON 88779,VDL1048-435,SUN445,1.00,0.00,1.00,2019/02/27,1048-435,2019/02/27,No,No,SUN445,SUN445,,26.85,26.85,0.00,26.85
ON 88780,2WSP,A350,200.00,0.00,200.00,2019/02/27,RE STOCK,2019/02/27,No,No,A350,A350,,1.62,324.00,0.00,324.00
ON 88780,2WSS,A350,200.00,0.00,200.00,2019/02/27,RE STOCK,2019/02/27,No,No,A350,A350,,1.62,324.00,0.00,324.00
ON 88780,MEGA 300,A350,30.00,0.00,30.00,2019/02/27,RE STOCK,2019/02/27,No,No,A350,A350,,2.99,89.70,0.00,89.70
ON 88780,MIDI 30,A350,30.00,0.00,30.00,2019/02/27,RE STOCK,2019/02/27,No,No,A350,A350,,0.92,27.60,0.00,27.60
ON 88780,PC2-C,A350,2.00,0.00,2.00,2019/02/27,RE STOCK,2019/02/27,No,No,A350,A350,,3.65,7.30,0.00,7.30
ON 88780,PC2SS,A350,2.00,0.00,2.00,2019/02/27,RE STOCK,2019/02/28,No,No,A350,A350,,5.96,11.92,0.00,11.92
ON 88781,AS1W,SUN551,70.00,0.00,70.00,2019/02/27,AS1W,2019/02/27,No,No,SUN551,SUN551,,13.48,943.60,0.00,943.60
ON 88782,506-003,B020,1.00,0.00,1.00,2019/02/27,RE STOCK,2019/02/27,No,No,B020,B020,,10.46,10.46,0.00,10.46
ON 88782,872-5811,B020,12.00,0.00,12.00,2019/02/27,RE STOCK,2019/02/27,No,No,B020,B020,,35.30,423.60,0.00,423.60
ON 88782,M 41 ZCE01,B020,20.00,0.00,20.00,2019/02/27,RE STOCK,2019/03/06,No,No,B020,B020,,5.57,111.40,0.00,111.40
ON 88782,M 41 ZCY18,B020,15.00,0.00,15.00,2019/02/27,RE STOCK,2019/03/06,No,No,B020,B020,,0.68,10.20,0.00,10.20
ON 88782,RJ1S-CLD-D24,B020,20.00,0.00,20.00,2019/02/27,RE STOCK,2019/02/27,No,No,B020,B020,,5.04,100.80,0.00,100.80
ON 88782,XAL K174E,B020,10.00,0.00,10.00,2019/02/27,RE STOCK,2019/02/27,No,No,B020,B020,,19.82,198.20,0.00,198.20
ON 88782,XCMD2102C12,B020,5.00,0.00,5.00,2019/02/27,RE STOCK,2019/02/27,No,No,B020,B020,,32.30,161.50,0.00,161.50
ON 88782,ZCD21M12,B020,30.00,0.00,30.00,2019/02/27,RE STOCK,2019/02/27,No,No,B020,B020,,20.03,600.90,0.00,600.90
ON 88782,ZCMD21C12,B020,5.00,0.00,5.00,2019/02/27,RE STOCK,2019/02/27,No,No,B020,B020,,26.59,132.95,0.00,132.95
ON 88783,EO-00-90-21,V080,1.00,0.00,1.00,2019/02/27,T Neagle,2019/02/27,No,No,V080,V080,,1203.88,1203.88,0.00,1203.88
ON 88784,VDL1050-217,M010,1.00,0.00,1.00,2019/02/27,1050-217,2019/02/27,No,No,M010,M010,,514.00,514.00,0.00,514.00
ON 88785,VDL1050-51,SUN586,10.00,0.00,10.00,2019/02/27,RE STOCK,2019/02/27,No,No,SUN586,SUN586,,4.50,45.00,0.00,45.00
ON 88785,VDL1620-21,SUN586,15.00,0.00,15.00,2019/02/27,RE STOCK,2019/02/27,No,No,SUN586,SUN586,,145.00,2175.00,0.00,2175.00
ON 88786,DH5/3A,B015,4.00,0.00,4.00,2019/02/27,RE STOCK,2019/03/04,No,No,B015,B015,,33.42,133.68,0.00,133.68
ON 88787,ARG120201020,SUN449,5.00,0.00,5.00,2019/02/27,RE STOCK,2019/02/27,No,No,SUN449,SUN449,,48.30,241.50,0.00,241.50
ON 88787,K96,SUN449,3.00,0.00,3.00,2019/02/27,RE STOCK,2019/02/27,No,No,SUN449,SUN449,,218.11,654.33,0.00,654.33
ON 88787,SIBR241000,SUN449,3.00,0.00,3.00,2019/02/27,RE STOCK,2019/02/27,No,No,SUN449,SUN449,,230.10,690.30,0.00,690.30
ON 88787,SIBR241600,SUN449,3.00,0.00,3.00,2019/02/27,RE STOCK,2019/02/27,No,No,SUN449,SUN449,,272.35,817.05,0.00,817.05
ON 88788,12850-1,T700,1.00,0.00,1.00,2019/02/27,RE-STOCK,2019/03/06,No,No,T700,T700,,113.31,113.31,0.00,113.31
ON 88788,13144-1,T700,5.00,0.00,5.00,2019/02/27,RE-STOCK,2019/03/06,No,No,T700,T700,,1.02,5.10,0.00,5.10
ON 88788,16909-1,T700,4.00,0.00,4.00,2019/02/27,RE-STOCK,2019/03/04,No,No,T700,T700,,19.17,76.68,0.00,76.68
ON 88788,35102-1,T700,4.00,0.00,4.00,2019/02/27,RE-STOCK,2019/03/13,No,No,T700,T700,,54.78,219.12,0.00,219.12
ON 88788,60002-5,T700,6.00,0.00,6.00,2019/02/27,RE-STOCK,2019/04/03,No,No,T700,T700,,15.81,94.86,0.00,94.86
ON 88788,9642-1,T700,30.00,0.00,30.00,2019/02/27,RE-STOCK,2019/03/06,No,No,T700,T700,,17.66,529.80,0.00,529.80
ON 88789,3070113,V080,2.00,0.00,2.00,2019/02/27,RE-STOCK,2019/02/27,No,No,V080,V080,,68.87,137.74,0.00,137.74
ON 88789,38916-CPL,V080,1.00,0.00,1.00,2019/02/27,RE-STOCK,2019/03/20,No,No,V080,V080,,148.70,148.70,0.00,148.70
ON 88789,68907-11,V080,2.00,0.00,2.00,2019/02/27,RE-STOCK,2019/03/06,No,No,V080,V080,,37.51,75.02,0.00,75.02
ON 88789,M 4100 115-45,V080,2.00,0.00,2.00,2019/02/27,RE-STOCK,2019/02/27,No,No,V080,V080,,252.47,504.94,0.00,504.94
ON 88789,M 4825 200-12,V080,2.00,0.00,2.00,2019/02/27,RE-STOCK,2019/03/06,No,No,V080,V080,,76.44,152.88,0.00,152.88
ON 88790,013-545-78-26,SUN165,50.00,0.00,50.00,2019/02/27,RE STOCK,2019/02/27,No,No,SUN165,SUN165,,2.05,102.50,0.00,102.50
ON 88790,MA387 619 00 97,SUN165,2.00,0.00,2.00,2019/02/27,RE STOCK,2019/02/27,No,No,SUN165,SUN165,,2.50,5.00,0.00,5.00
ON 88790,MB-N913023014003,SUN165,24.00,0.00,24.00,2019/02/27,RE STOCK,2019/02/27,No,No,SUN165,SUN165,,2.00,48.00,0.00,48.00
ON 88790,MN000000 005290,SUN165,10.00,0.00,10.00,2019/02/27,RE STOCK,2019/02/27,No,No,SUN165,SUN165,,4.75,47.50,0.00,47.50
ON 88791,1055-005,J010,16.00,0.00,16.00,2019/02/27,restock,2019/03/04,No,No,J010,J010,,2.91,46.56,0.00,46.56
ON 88791,1056-798,J010,10.00,0.00,10.00,2019/02/27,restock,2019/02/27,No,No,J010,J010,,0.80,8.00,0.00,8.00
ON 88791,1057-001,J010,11.00,0.00,11.00,2019/02/27,restock,2019/03/02,No,No,J010,J010,,1.92,21.12,0.00,21.12
ON 88792,X2A/ODD,SUN740,5.00,0.00,5.00,2019/02/27,RESTOCK,2019/02/27,No,No,SUN740,SUN740,,46.73,233.65,0.00,233.65
ON 88792,X2P/ODD,SUN740,5.00,0.00,5.00,2019/02/27,RESTOCK,2019/02/27,No,No,SUN740,SUN740,,59.80,299.00,0.00,299.00
ON 88793,SL-10461,SUN527,16.00,0.00,16.00,2019/02/27,restock,2019/02/27,No,No,SUN527,SUN527,,14.90,238.40,0.00,238.40
ON 88793,SL-20501,SUN527,1.00,0.00,1.00,2019/02/27,restock,2019/02/27,No,No,SUN527,SUN527,,96.00,96.00,0.00,96.00
ON 88793,SL-20599,SUN527,1.00,0.00,1.00,2019/02/27,restock,2019/02/27,No,No,SUN527,SUN527,,6.67,6.67,0.00,6.67
ON 88793,SL-42511,SUN527,1.00,0.00,1.00,2019/02/27,restock,2019/02/27,No,No,SUN527,SUN527,,53.20,53.20,0.00,53.20
ON 88794,VDL1045-10,M750,10.00,0.00,10.00,2019/02/27,RE-STOCK,2019/03/09,No,No,M750,M750,,3.75,37.50,0.00,37.50
ON 88794,VDL1045-142,M750,10.00,0.00,10.00,2019/02/27,RE-STOCK,2019/03/06,No,No,M750,M750,,1.75,17.50,0.00,17.50
ON 88794,VDL1045-260,M750,10.00,0.00,10.00,2019/02/27,RE-STOCK,2019/03/04,No,No,M750,M750,,3.65,36.50,0.00,36.50
ON 88794,VDL1045-281,M750,50.00,0.00,50.00,2019/02/27,RE-STOCK,2019/03/04,No,No,M750,M750,,2.00,100.00,0.00,100.00
ON 88794,VDL1045-309,M750,10.00,0.00,10.00,2019/02/27,RE-STOCK,2019/02/27,No,No,M750,M750,,3.10,31.00,0.00,31.00
ON 88794,VDL1045-314,M750,10.00,0.00,10.00,2019/02/27,RE-STOCK,2019/02/27,No,No,M750,M750,,3.10,31.00,0.00,31.00
ON 88794,VDL1045-315,M750,10.00,0.00,10.00,2019/02/27,RE-STOCK,2019/02/27,No,No,M750,M750,,1.65,16.50,0.00,16.50
ON 88794,VDL1045-384,M750,10.00,0.00,10.00,2019/02/27,RE-STOCK,2019/02/27,No,No,M750,M750,,3.50,35.00,0.00,35.00
ON 88794,VDL1045-385,M750,50.00,0.00,50.00,2019/02/27,RE-STOCK,2019/02/27,No,No,M750,M750,,1.30,65.00,0.00,65.00
ON 88794,VDL1045-9,M750,10.00,0.00,10.00,2019/02/27,RE-STOCK,2019/03/09,No,No,M750,M750,,3.75,37.50,0.00,37.50
ON 88795,50032-12,SUN741,25.00,0.00,25.00,2019/02/27,STOCK,2019/02/27,No,No,SUN741,SUN741,,2.75,68.75,0.00,68.75
ON 88795,V10000-1,SUN741,50.00,0.00,50.00,2019/02/27,STOCK,2019/02/27,No,No,SUN741,SUN741,,2.24,112.00,0.00,112.00
ON 88795,V10002-1,SUN741,50.00,0.00,50.00,2019/02/27,STOCK,2019/02/27,No,No,SUN741,SUN741,,10.57,528.50,0.00,528.50
ON 88796,VDL1017-26,R500,100.00,0.00,100.00,2019/02/27,1017-26,2019/02/27,No,No,R500,R500,,11.70,1170.00,0.00,1170.00
ON 88797,DMA-CVA-000050,R050,20.00,0.00,20.00,2019/02/27,RE-STOCK,2019/03/02,No,No,R050,R050,,8.15,163.00,0.00,163.00
ON 88798,40-287-301,SUN290,10.00,0.00,10.00,2019/02/27,restock,2019/02/27,No,No,SUN290,SUN290,,28.29,282.90,0.00,282.90
ON 88799,6PK1420,B010,2.00,0.00,2.00,2019/02/27,restock,2019/02/27,No,No,B010,B010,,19.83,39.66,0.00,39.66
ON 88799,VDL2000-007,B010,8.00,0.00,8.00,2019/02/27,restock,2019/02/27,No,No,B010,B010,,30.00,240.00,0.00,240.00
ON 88800,,SUN795,1.00,0.00,1.00,2019/02/27,17362,2019/02/27,No,No,SUN795,SUN795,,0.00,0.00,0.00,0.00
ON 88801,TCO-47,SUN23,5.00,0.00,5.00,2019/02/27,restock,2019/03/04,No,No,SUN23,SUN23,,19.79,98.95,0.00,98.95
ON 88801,VBV-650-000,SUN23,20.00,0.00,20.00,2019/02/27,restock,2019/02/27,No,No,SUN23,SUN23,,128.27,2565.40,0.00,2565.40
ON 88802,012-545-04-07,SUN28,10.00,0.00,10.00,2019/02/27,restock,2019/02/27,No,No,SUN28,SUN28,,58.00,580.00,0.00,580.00
ON 88802,013-545-60-26,SUN28,5.00,0.00,5.00,2019/02/27,restock,2019/02/27,No,No,SUN28,SUN28,,1.75,8.75,0.00,8.75
ON 88802,A000 545 21 63,SUN28,4.00,0.00,4.00,2019/02/27,restock,2019/02/27,No,No,SUN28,SUN28,,1.20,4.80,0.00,4.80
ON 88802,A043 545 15 28,SUN28,3.00,0.00,3.00,2019/02/27,restock,2019/02/27,No,No,SUN28,SUN28,,47.80,143.40,0.00,143.40
ON 88802,A051 545 60 28,SUN28,4.00,0.00,4.00,2019/02/27,restock,2019/02/27,No,No,SUN28,SUN28,,29.00,116.00,0.00,116.00
ON 88803,S7679,B010,7.00,0.00,7.00,2019/02/27,S7679,2019/02/27,No,No,B010,B010,,69.95,489.65,0.00,489.65
ON 88804,,B020,1.00,0.00,1.00,2019/02/27,kban n/s wk9,2019/02/27,No,No,B020,B020,,0.70,0.70,0.00,0.70
ON 88804,,B020,10.00,0.00,10.00,2019/02/27,kban n/s wk9,2019/02/27,No,No,B020,B020,,0.73,7.30,0.00,7.30
ON 88804,,B020,30.00,0.00,30.00,2019/02/27,kban n/s wk9,2019/02/27,No,No,B020,B020,,0.30,9.00,0.00,9.00
ON 88804,,B020,2.00,0.00,2.00,2019/02/27,kban n/s wk9,2019/02/27,No,No,B020,B020,,19.76,9.88,0.00,9.88
ON 88804,,B020,1.00,0.00,1.00,2019/02/27,kban n/s wk9,2019/02/27,No,No,B020,B020,,9.98,9.98,0.00,9.98
ON 88804,,B020,2.00,0.00,2.00,2019/02/27,kban n/s wk9,2019/02/27,No,No,B020,B020,,5.50,11.00,0.00,11.00
ON 88804,,B020,10.00,0.00,10.00,2019/02/27,kban n/s wk9,2019/02/27,No,No,B020,B020,,1.40,14.00,0.00,14.00
ON 88804,,B020,30.00,0.00,30.00,2019/02/27,kban n/s wk9,2019/02/27,No,No,B020,B020,,0.70,21.00,0.00,21.00
ON 88804,,B020,10.00,0.00,10.00,2019/02/27,kban n/s wk9,2019/02/27,No,No,B020,B020,,3.10,31.00,0.00,31.00
ON 88804,,B020,1.00,0.00,1.00,2019/02/27,kban n/s wk9,2019/02/27,No,No,B020,B020,,47.32,47.32,0.00,47.32
ON 88804,,B020,2.00,0.00,2.00,2019/02/27,kban n/s wk9,2019/02/27,No,No,B020,B020,,24.45,48.90,0.00,48.90
ON 88804,,B020,4.00,0.00,4.00,2019/02/27,kban n/s wk9,2019/02/27,No,No,B020,B020,,14.58,58.32,0.00,58.32
ON 88804,,B020,30.00,0.00,30.00,2019/02/27,kban n/s wk9,2019/02/27,No,No,B020,B020,,2.08,62.40,0.00,62.40
ON 88804,,B020,4.00,0.00,4.00,2019/02/27,kban n/s wk9,2019/02/27,No,No,B020,B020,,16.09,64.36,0.00,64.36
ON 88804,,B020,40.00,0.00,40.00,2019/02/27,kban n/s wk9,2019/02/27,No,No,B020,B020,,1.68,67.20,0.00,67.20
ON 88804,,B020,3.00,0.00,3.00,2019/02/27,kban n/s wk9,2019/02/27,No,No,B020,B020,,22.50,67.50,0.00,67.50
ON 88804,,B020,20.00,0.00,20.00,2019/02/27,kban n/s wk9,2019/02/27,No,No,B020,B020,,3.70,74.00,0.00,74.00
ON 88804,,B020,2.00,0.00,2.00,2019/02/27,kban n/s wk9,2019/02/27,No,No,B020,B020,,48.36,96.72,0.00,96.72
ON 88804,,B020,10.00,0.00,10.00,2019/02/27,kban n/s wk9,2019/02/27,No,No,B020,B020,,10.95,109.50,0.00,109.50
ON 88804,,B020,3.00,0.00,3.00,2019/02/27,kban n/s wk9,2019/02/27,No,No,B020,B020,,43.84,131.52,0.00,131.52
ON 88805,092100,B020,10.00,0.00,10.00,2019/02/27,kban main wk9,2019/03/01,No,No,B020,B020,,2.21,22.10,0.00,22.10
ON 88805,K1E-005N,B020,10.00,0.00,10.00,2019/02/27,kban main wk9,2019/03/04,No,No,B020,B020,,10.08,100.80,0.00,100.80
ON 88805,KAX-Z1C12,B020,40.00,0.00,40.00,2019/02/27,kban main wk9,2019/03/06,No,No,B020,B020,,2.39,95.60,0.00,95.60
ON 88805,KZ-127,B020,10.00,0.00,10.00,2019/02/27,kban main wk9,2019/03/01,No,No,B020,B020,,3.51,35.10,0.00,35.10
ON 88805,RJ1S-CLD-D12,B020,20.00,0.00,20.00,2019/02/27,kban main wk9,2019/02/27,No,No,B020,B020,,5.04,100.80,0.00,100.80
ON 88805,SJ1S-07L,B020,20.00,0.00,20.00,2019/02/27,kban main wk9,2019/02/27,No,No,B020,B020,,2.79,55.80,0.00,55.80
ON 88805,V20000,B020,200.00,0.00,200.00,2019/02/27,kban main wk9,2019/02/27,No,No,B020,B020,,0.41,82.00,0.00,82.00
ON 88805,V20001,B020,200.00,0.00,200.00,2019/02/27,kban main wk9,2019/03/01,No,No,B020,B020,,0.89,178.00,0.00,178.00
ON 88805,V20002,B020,200.00,0.00,200.00,2019/02/27,kban main wk9,2019/03/01,No,No,B020,B020,,0.68,136.00,0.00,136.00
ON 88805,V20003,B020,100.00,0.00,100.00,2019/02/27,kban main wk9,2019/03/01,No,No,B020,B020,,2.09,209.00,0.00,209.00
ON 88805,V20005,B020,200.00,0.00,200.00,2019/02/27,kban main wk9,2019/03/01,No,No,B020,B020,,1.33,266.00,0.00,266.00
ON 88805,XS612B1MAL2,B020,4.00,0.00,4.00,2019/02/27,kban main wk9,2019/03/04,No,No,B020,B020,,33.58,134.32,0.00,134.32
ON 88805,ZCE10,B020,10.00,0.00,10.00,2019/02/27,kban main wk9,2019/02/27,No,No,B020,B020,,4.13,41.30,0.00,41.30
ON 88805,ZCK DO5,B020,40.00,0.00,40.00,2019/02/27,kban main wk9,2019/02/28,No,No,B020,B020,,9.30,372.00,0.00,372.00
ON 88805,ZCK SIH29,B020,20.00,0.00,20.00,2019/02/27,kban main wk9,2019/02/28,No,No,B020,B020,,12.25,245.00,0.00,245.00
ON 88805,ZCK Y33,B020,30.00,0.00,30.00,2019/02/27,kban main wk9,2019/02/28,No,No,B020,B020,,4.26,127.80,0.00,127.80
ON 88806,VDL1857-28,SUN635,50.00,0.00,50.00,2019/02/27,1857-28,2019/02/27,No,No,SUN635,SUN635,,16.69,834.50,0.00,834.50
ON 88807,,SUN808,1.00,0.00,1.00,2019/02/27,WEEK9,2019/02/27,No,No,SUN808,SUN808,,195.65,195.65,0.00,195.65
